,production_line,time_mean,time_std,time_min,time_max,connection_key_date
0,L0_S0_D1,881.7354829327072,506.7221924026253,0.0,1713.0,1
1,L0_S0_D3,881.7354829327072,506.7221924026253,0.0,1713.0,3
2,L0_S0_D5,881.7354829327072,506.7221924026253,0.0,1713.0,5
3,L0_S0_D7,881.7354829327072,506.7221924026253,0.0,1713.0,7
4,L0_S0_D9,881.7354829327072,506.7221924026253,0.0,1713.0,9
5,L0_S0_D11,881.7354829327072,506.7221924026253,0.0,1713.0,11
6,L0_S0_D13,881.7354829327072,506.7221924026253,0.0,1713.0,13
7,L0_S0_D15,881.7354829327072,506.7221924026253,0.0,1713.0,15
8,L0_S0_D17,881.7354829327072,506.7221924026253,0.0,1713.0,17
9,L0_S0_D19,881.7354829327072,506.7221924026253,0.0,1713.0,19
10,L0_S0_D21,881.7354829327072,506.7221924026253,0.0,1713.0,21
11,L0_S0_D23,881.7354829327072,506.7221924026253,0.0,1713.0,23
12,L0_S1_D26,881.7324358734653,506.72174497349226,0.0,1713.0,126
13,L0_S1_D30,881.7330035138536,506.72183521926127,0.0,1713.0,130
14,L0_S2_D34,882.3293041845462,507.0386072066845,0.0,1713.0,234
15,L0_S2_D38,882.3293041845462,507.0386072066845,0.0,1713.0,238
16,L0_S2_D42,882.3293041845462,507.0386072066845,0.0,1713.0,242
17,L0_S2_D46,882.3293041845462,507.0386072066845,0.0,1713.0,246
18,L0_S2_D50,882.3293041845462,507.0386072066845,0.0,1713.0,250
19,L0_S2_D54,882.3293041845462,507.0386072066845,0.0,1713.0,254
20,L0_S2_D58,882.3293041845462,507.0386072066845,0.0,1713.0,258
21,L0_S2_D62,882.3293041845462,507.0386072066845,0.0,1713.0,262
22,L0_S2_D66,882.3293041845462,507.0386072066845,0.0,1713.0,266
23,L0_S3_D70,881.202337559903,506.3962618548195,0.0,1713.0,370
24,L0_S3_D74,881.202337559903,506.3962618548195,0.0,1713.0,374
25,L0_S3_D78,881.202337559903,506.3962618548195,0.0,1713.0,378
26,L0_S3_D82,881.202337559903,506.3962618548195,0.0,1713.0,382
27,L0_S3_D86,881.202337559903,506.3962618548195,0.0,1713.0,386
28,L0_S3_D90,881.202337559903,506.3962618548195,0.0,1713.0,390
29,L0_S3_D94,881.202337559903,506.3962618548195,0.0,1713.0,394
30,L0_S3_D98,881.202337559903,506.3962618548195,0.0,1713.0,398
31,L0_S3_D102,881.202337559903,506.3962618548195,0.0,1713.0,3102
32,L0_S4_D106,885.5310368481488,505.35536520823996,0.0,1713.0,4106
33,L0_S4_D111,885.5407778835054,505.3704446703121,0.0,1713.0,4111
34,L0_S5_D115,878.0253569829637,507.9938122553334,0.0,1713.0,5115
35,L0_S5_D117,878.0253569829637,507.9938122553334,0.0,1713.0,5117
36,L0_S6_D120,881.6742480559784,506.4235789824759,0.0,1713.0,6120
37,L0_S6_D124,881.6742480559784,506.4235789824759,0.0,1713.0,6124
38,L0_S6_D127,881.6742480559784,506.4235789824759,0.0,1713.0,6127
39,L0_S6_D130,881.6742480559784,506.4235789824759,0.0,1713.0,6130
40,L0_S6_D134,881.6742480559784,506.4235789824759,0.0,1713.0,6134
41,L0_S7_D137,881.8863889567409,507.019801150299,0.0,1713.0,7137
42,L0_S7_D139,881.8863889567409,507.019801150299,0.0,1713.0,7139
43,L0_S7_D140,881.8863889567409,507.019801150299,0.0,1713.0,7140
44,L0_S7_D141,881.8863889567409,507.019801150299,0.0,1713.0,7141
45,L0_S7_D143,881.8863889567409,507.019801150299,0.0,1713.0,7143
46,L0_S8_D145,881.7968454371023,506.73334456596115,0.0,1713.0,8145
47,L0_S8_D147,881.7968454371023,506.73334456596115,0.0,1713.0,8147
48,L0_S8_D148,881.7968454371023,506.73334456596115,0.0,1713.0,8148
49,L0_S8_D150,881.7968454371023,506.73334456596115,0.0,1713.0,8150
50,L0_S9_D152,880.8702847850266,506.4104559036386,0.0,1713.0,9152
51,L0_S9_D157,880.8646276018238,506.3885016494978,0.0,1713.0,9157
52,L0_S9_D162,880.8678116608618,506.41021502106497,0.0,1713.0,9162
53,L0_S9_D167,880.8850539059073,506.3991925787602,0.0,1713.0,9167
54,L0_S9_D172,880.8678116608618,506.41021502106497,0.0,1713.0,9172
55,L0_S9_D177,880.8646276018238,506.3885016494978,0.0,1713.0,9177
56,L0_S9_D182,880.8646276018238,506.3885016494978,0.0,1713.0,9182
57,L0_S9_D187,880.8646276018238,506.3885016494978,0.0,1713.0,9187
58,L0_S9_D192,880.8646276018238,506.3885016494978,0.0,1713.0,9192
59,L0_S9_D197,880.8646276018238,506.3885016494978,0.0,1713.0,9197
60,L0_S9_D202,880.8646276018238,506.3885016494978,0.0,1713.0,9202
61,L0_S9_D207,880.8646276018238,506.3885016494978,0.0,1713.0,9207
62,L0_S9_D212,880.8646276018238,506.3885016494978,0.0,1713.0,9212
63,L0_S10_D216,882.0936982274872,506.97218012004316,0.0,1713.0,10216
64,L0_S10_D221,882.1025195636972,506.97181776101183,0.0,1713.0,10221
65,L0_S10_D226,882.0936982274872,506.97218012004316,0.0,1713.0,10226
66,L0_S10_D231,882.0931112961915,506.97238941752863,0.0,1713.0,10231
67,L0_S10_D236,882.0936982274872,506.97218012004316,0.0,1713.0,10236
68,L0_S10_D241,882.1025195636972,506.97181776101183,0.0,1713.0,10241
69,L0_S10_D246,882.1025195636972,506.97181776101183,0.0,1713.0,10246
70,L0_S10_D251,882.1025195636972,506.97181776101183,0.0,1713.0,10251
71,L0_S10_D256,882.1025195636972,506.97181776101183,0.0,1713.0,10256
72,L0_S10_D261,882.1025195636972,506.97181776101183,0.0,1713.0,10261
73,L0_S10_D266,882.1025195636972,506.97181776101183,0.0,1713.0,10266
74,L0_S10_D271,882.1025195636972,506.97181776101183,0.0,1713.0,10271
75,L0_S10_D276,882.1025195636972,506.97181776101183,0.0,1713.0,10276
76,L0_S11_D280,881.9374146159714,506.7495020086738,0.0,1713.0,11280
77,L0_S11_D284,881.9374146159714,506.7495020086738,0.0,1713.0,11284
78,L0_S11_D288,881.9374146159714,506.7495020086738,0.0,1713.0,11288
79,L0_S11_D292,881.9374146159714,506.7495020086738,0.0,1713.0,11292
80,L0_S11_D296,881.9374146159714,506.7495020086738,0.0,1713.0,11296
81,L0_S11_D300,881.9374146159714,506.7495020086738,0.0,1713.0,11300
82,L0_S11_D304,881.9374146159714,506.7495020086738,0.0,1713.0,11304
83,L0_S11_D308,881.9374146159714,506.7495020086738,0.0,1713.0,11308
84,L0_S11_D312,881.9374146159714,506.7495020086738,0.0,1713.0,11312
85,L0_S11_D316,881.9374146159714,506.7495020086738,0.0,1713.0,11316
86,L0_S11_D320,881.9374146159714,506.7495020086738,0.0,1713.0,11320
87,L0_S11_D324,881.9374146159714,506.7495020086738,0.0,1713.0,11324
88,L0_S11_D328,881.9374146159714,506.7495020086738,0.0,1713.0,11328
89,L0_S12_D331,775.3618674631601,528.2348947214776,18.0,1665.0,12331
90,L0_S12_D333,775.3618674631601,528.2348947214776,18.0,1665.0,12333
91,L0_S12_D335,775.3618674631601,528.2348947214776,18.0,1665.0,12335
92,L0_S12_D337,775.3618674631601,528.2348947214776,18.0,1665.0,12337
93,L0_S12_D339,775.3618674631601,528.2348947214776,18.0,1665.0,12339
94,L0_S12_D341,775.3618674631601,528.2348947214776,18.0,1665.0,12341
95,L0_S12_D343,775.3618674631601,528.2348947214776,18.0,1665.0,12343
96,L0_S12_D345,775.3618674631601,528.2348947214776,18.0,1665.0,12345
97,L0_S12_D347,775.3618674631601,528.2348947214776,18.0,1665.0,12347
98,L0_S12_D349,775.3618674631601,528.2348947214776,18.0,1665.0,12349
99,L0_S12_D351,775.3618674631601,528.2348947214776,18.0,1665.0,12351
100,L0_S12_D353,775.3618674631601,528.2348947214776,18.0,1665.0,12353
101,L0_S13_D355,775.3737425898003,528.234796363182,18.0,1665.0,13355
102,L0_S13_D357,775.3737425898003,528.234796363182,18.0,1665.0,13357
103,L0_S14_D360,774.5878466321242,528.7731843550341,18.0,1665.0,14360
104,L0_S14_D364,774.5878466321242,528.7731843550341,18.0,1665.0,14364
105,L0_S14_D368,774.5878466321242,528.7731843550341,18.0,1665.0,14368
106,L0_S14_D372,774.5878466321242,528.7731843550341,18.0,1665.0,14372
107,L0_S14_D376,774.5878466321242,528.7731843550341,18.0,1665.0,14376
108,L0_S14_D380,774.5878466321242,528.7731843550341,18.0,1665.0,14380
109,L0_S14_D384,774.5878466321242,528.7731843550341,18.0,1665.0,14384
110,L0_S14_D388,774.5878466321242,528.7731843550341,18.0,1665.0,14388
111,L0_S14_D392,774.5878466321242,528.7731843550341,18.0,1665.0,14392
112,L0_S15_D395,776.0847297130388,527.7302458598243,18.0,1665.0,15395
113,L0_S15_D398,776.0847297130388,527.7302458598243,18.0,1665.0,15398
114,L0_S15_D401,776.0847297130388,527.7302458598243,18.0,1665.0,15401
115,L0_S15_D404,776.0847297130388,527.7302458598243,18.0,1665.0,15404
116,L0_S15_D407,776.0847297130388,527.7302458598243,18.0,1665.0,15407
117,L0_S15_D410,776.0847297130388,527.7302458598243,18.0,1665.0,15410
118,L0_S15_D413,776.0847297130388,527.7302458598243,18.0,1665.0,15413
119,L0_S15_D416,776.0847297130388,527.7302458598243,18.0,1665.0,15416
120,L0_S15_D419,776.0847297130388,527.7302458598243,18.0,1665.0,15419
121,L0_S16_D423,777.5366420735443,529.0281680165322,18.0,1665.0,16423
122,L0_S16_D428,777.5366420735443,529.0281680165322,18.0,1665.0,16428
123,L0_S17_D432,773.3030391702633,527.4131811484195,18.0,1665.0,17432
124,L0_S17_D434,773.3030391702633,527.4131811484195,18.0,1665.0,17434
125,L0_S18_D437,775.2880633625424,528.5621564376521,18.0,1665.0,18437
126,L0_S18_D441,775.2880633625424,528.5621564376521,18.0,1665.0,18441
127,L0_S18_D444,775.2880633625424,528.5621564376521,18.0,1665.0,18444
128,L0_S18_D447,775.2880633625424,528.5621564376521,18.0,1665.0,18447
129,L0_S18_D451,775.2880633625424,528.5621564376521,18.0,1665.0,18451
130,L0_S19_D454,775.7204342832591,527.9105183575247,18.0,1665.0,19454
131,L0_S19_D456,775.7204342832591,527.9105183575247,18.0,1665.0,19456
132,L0_S19_D457,775.7204342832591,527.9105183575247,18.0,1665.0,19457
133,L0_S19_D458,775.7204342832591,527.9105183575247,18.0,1665.0,19458
134,L0_S19_D460,775.7204342832591,527.9105183575247,18.0,1665.0,19460
135,L0_S20_D462,775.5089525052557,528.2344057834662,18.0,1665.0,20462
136,L0_S20_D464,775.5089525052557,528.2344057834662,18.0,1665.0,20464
137,L0_S20_D465,775.5089525052557,528.2344057834662,18.0,1665.0,20465
138,L0_S20_D467,775.5089525052557,528.2344057834662,18.0,1665.0,20467
139,L0_S21_D469,777.2882113771203,529.5585190022566,18.0,1665.0,21469
140,L0_S21_D474,777.1511896568677,529.551671188864,18.0,1665.0,21474
141,L0_S21_D479,777.2882113771203,529.5585190022566,18.0,1665.0,21479
142,L0_S21_D484,777.163125360992,529.5600247596605,18.0,1665.0,21484
143,L0_S21_D489,777.2882113771203,529.5585190022566,18.0,1665.0,21489
144,L0_S21_D494,777.1511896568677,529.551671188864,18.0,1665.0,21494
145,L0_S21_D499,777.1511896568677,529.551671188864,18.0,1665.0,21499
146,L0_S21_D504,777.1511896568677,529.551671188864,18.0,1665.0,21504
147,L0_S21_D509,777.1511896568677,529.551671188864,18.0,1665.0,21509
148,L0_S21_D514,777.1511896568677,529.551671188864,18.0,1665.0,21514
149,L0_S21_D519,777.1511896568677,529.551671188864,18.0,1665.0,21519
150,L0_S21_D524,777.1511896568677,529.551671188864,18.0,1665.0,21524
151,L0_S21_D529,777.1511896568677,529.551671188864,18.0,1665.0,21529
152,L0_S21_D534,777.1511896568677,529.551671188864,18.0,1665.0,21534
153,L0_S21_D539,777.1511896568677,529.551671188864,18.0,1665.0,21539
154,L0_S22_D543,772.1071339950372,527.6761894325255,18.0,1665.0,22543
155,L0_S22_D548,772.1032125175267,527.6804458929357,18.0,1665.0,22548
156,L0_S22_D553,772.0981898038436,527.679771453384,18.0,1665.0,22553
157,L0_S22_D558,772.1021527390037,527.6768402914233,18.0,1665.0,22558
158,L0_S22_D563,772.0981898038436,527.679771453384,18.0,1665.0,22563
159,L0_S22_D568,772.1032125175267,527.6804458929357,18.0,1665.0,22568
160,L0_S22_D573,772.1032125175267,527.6804458929357,18.0,1665.0,22573
161,L0_S22_D578,772.1032125175267,527.6804458929357,18.0,1665.0,22578
162,L0_S22_D583,772.1032125175267,527.6804458929357,18.0,1665.0,22583
163,L0_S22_D588,772.1032125175267,527.6804458929357,18.0,1665.0,22588
164,L0_S22_D593,772.1032125175267,527.6804458929357,18.0,1665.0,22593
165,L0_S22_D598,772.1032125175267,527.6804458929357,18.0,1665.0,22598
166,L0_S22_D603,772.1032125175267,527.6804458929357,18.0,1665.0,22603
167,L0_S22_D608,772.1032125175267,527.6804458929357,18.0,1665.0,22608
168,L0_S22_D613,772.1032125175267,527.6804458929357,18.0,1665.0,22613
169,L0_S23_D617,777.5376883796239,527.4890192712477,18.0,1665.0,23617
170,L0_S23_D621,777.5376883796239,527.4890192712477,18.0,1665.0,23621
171,L0_S23_D625,777.5376883796239,527.4890192712477,18.0,1665.0,23625
172,L0_S23_D629,777.5376883796239,527.4890192712477,18.0,1665.0,23629
173,L0_S23_D633,777.5376883796239,527.4890192712477,18.0,1665.0,23633
174,L0_S23_D637,777.5376883796239,527.4890192712477,18.0,1665.0,23637
175,L0_S23_D641,777.5376883796239,527.4890192712477,18.0,1665.0,23641
176,L0_S23_D645,777.5376883796239,527.4890192712477,18.0,1665.0,23645
177,L0_S23_D649,777.5376883796239,527.4890192712477,18.0,1665.0,23649
178,L0_S23_D653,777.5376883796239,527.4890192712477,18.0,1665.0,23653
179,L0_S23_D657,777.5376883796239,527.4890192712477,18.0,1665.0,23657
180,L0_S23_D661,777.5376883796239,527.4890192712477,18.0,1665.0,23661
181,L0_S23_D665,777.5376883796239,527.4890192712477,18.0,1665.0,23665
182,L0_S23_D669,777.5376883796239,527.4890192712477,18.0,1665.0,23669
183,L0_S23_D673,777.5376883796239,527.4890192712477,18.0,1665.0,23673
184,L1_S24_D677,969.7125555276172,203.0562994655032,12.0,1676.0,124677
185,L1_S24_D681,969.7125555276172,203.0562994655032,12.0,1676.0,124681
186,L1_S24_D685,969.7125555276172,203.0562994655032,12.0,1676.0,124685
187,L1_S24_D689,969.7125555276172,203.0562994655032,12.0,1676.0,124689
188,L1_S24_D693,969.7125555276172,203.0562994655032,12.0,1676.0,124693
189,L1_S24_D697,976.3549519820621,189.6012967142492,526.0,1676.0,124697
190,L1_S24_D702,969.696675900277,203.15772511768768,12.0,1676.0,124702
191,L1_S24_D707,969.696675900277,203.15772511768768,12.0,1676.0,124707
192,L1_S24_D712,969.696675900277,203.15772511768768,12.0,1676.0,124712
193,L1_S24_D716,976.3549519820621,189.6012967142492,526.0,1676.0,124716
194,L1_S24_D721,976.3549519820621,189.6012967142492,526.0,1676.0,124721
195,L1_S24_D725,969.696675900277,203.15772511768768,12.0,1676.0,124725
196,L1_S24_D730,969.696675900277,203.15772511768768,12.0,1676.0,124730
197,L1_S24_D735,969.696675900277,203.15772511768768,12.0,1676.0,124735
198,L1_S24_D739,969.696675900277,203.15772511768768,12.0,1676.0,124739
199,L1_S24_D743,969.696675900277,203.15772511768768,12.0,1676.0,124743
200,L1_S24_D748,976.3549519820621,189.6012967142492,526.0,1676.0,124748
201,L1_S24_D753,976.3549519820621,189.6012967142492,526.0,1676.0,124753
202,L1_S24_D758,976.3549519820621,189.6012967142492,526.0,1676.0,124758
203,L1_S24_D763,976.3549519820621,189.6012967142492,526.0,1676.0,124763
204,L1_S24_D768,976.3549519820621,189.6012967142492,526.0,1676.0,124768
205,L1_S24_D772,969.9671281746367,203.14624087556552,12.0,1676.0,124772
206,L1_S24_D777,976.3549519820621,189.6012967142492,526.0,1676.0,124777
207,L1_S24_D782,976.3549519820621,189.6012967142492,526.0,1676.0,124782
208,L1_S24_D787,976.3549519820621,189.6012967142492,526.0,1676.0,124787
209,L1_S24_D792,976.3549519820621,189.6012967142492,526.0,1676.0,124792
210,L1_S24_D797,976.3549519820621,189.6012967142492,526.0,1676.0,124797
211,L1_S24_D801,969.9747913258673,202.9032260000011,12.0,1676.0,124801
212,L1_S24_D804,969.9767207751352,202.90385365699765,12.0,1676.0,124804
213,L1_S24_D807,969.9530961570732,202.87811508620533,12.0,1676.0,124807
214,L1_S24_D809,969.9530961570732,202.87811508620533,12.0,1676.0,124809
215,L1_S24_D811,969.9530961570732,202.87811508620533,12.0,1676.0,124811
216,L1_S24_D813,969.9739921976593,202.9110084087751,12.0,1676.0,124813
217,L1_S24_D815,969.9739921976593,202.9110084087751,12.0,1676.0,124815
218,L1_S24_D818,970.5739231664728,201.49760516775726,14.0,1676.0,124818
219,L1_S24_D822,970.5739231664728,201.49760516775726,14.0,1676.0,124822
220,L1_S24_D826,970.5739231664728,201.49760516775726,14.0,1676.0,124826
221,L1_S24_D831,970.5739231664728,201.49760516775726,14.0,1676.0,124831
222,L1_S24_D836,970.5739231664728,201.49760516775726,14.0,1676.0,124836
223,L1_S24_D841,970.5739231664728,201.49760516775726,14.0,1676.0,124841
224,L1_S24_D846,970.5739231664728,201.49760516775726,14.0,1676.0,124846
225,L1_S24_D850,970.5739231664728,201.49760516775726,14.0,1676.0,124850
226,L1_S24_D854,970.5739231664728,201.49760516775726,14.0,1676.0,124854
227,L1_S24_D859,970.5739231664728,201.49760516775726,14.0,1676.0,124859
228,L1_S24_D864,970.5739231664728,201.49760516775726,14.0,1676.0,124864
229,L1_S24_D869,970.5739231664728,201.49760516775726,14.0,1676.0,124869
230,L1_S24_D874,970.5739231664728,201.49760516775726,14.0,1676.0,124874
231,L1_S24_D879,970.5739231664728,201.49760516775726,14.0,1676.0,124879
232,L1_S24_D884,970.5739231664728,201.49760516775726,14.0,1676.0,124884
233,L1_S24_D889,970.5739231664728,201.49760516775726,14.0,1676.0,124889
234,L1_S24_D894,970.5739231664728,201.49760516775726,14.0,1676.0,124894
235,L1_S24_D899,970.5739231664728,201.49760516775726,14.0,1676.0,124899
236,L1_S24_D904,970.5739231664728,201.49760516775726,14.0,1676.0,124904
237,L1_S24_D909,969.33116444144,204.3342288256353,12.0,1676.0,124909
238,L1_S24_D913,969.33116444144,204.3342288256353,12.0,1676.0,124913
239,L1_S24_D917,969.33116444144,204.3342288256353,12.0,1676.0,124917
240,L1_S24_D922,969.33116444144,204.3342288256353,12.0,1676.0,124922
241,L1_S24_D927,969.33116444144,204.3342288256353,12.0,1676.0,124927
242,L1_S24_D932,969.33116444144,204.3342288256353,12.0,1676.0,124932
243,L1_S24_D937,969.33116444144,204.3342288256353,12.0,1676.0,124937
244,L1_S24_D941,969.33116444144,204.3342288256353,12.0,1676.0,124941
245,L1_S24_D945,969.33116444144,204.3342288256353,12.0,1676.0,124945
246,L1_S24_D950,969.33116444144,204.3342288256353,12.0,1676.0,124950
247,L1_S24_D955,969.33116444144,204.3342288256353,12.0,1676.0,124955
248,L1_S24_D960,969.33116444144,204.3342288256353,12.0,1676.0,124960
249,L1_S24_D965,969.33116444144,204.3342288256353,12.0,1676.0,124965
250,L1_S24_D970,969.33116444144,204.3342288256353,12.0,1676.0,124970
251,L1_S24_D975,969.33116444144,204.3342288256353,12.0,1676.0,124975
252,L1_S24_D980,969.33116444144,204.3342288256353,12.0,1676.0,124980
253,L1_S24_D985,969.33116444144,204.3342288256353,12.0,1676.0,124985
254,L1_S24_D990,969.33116444144,204.3342288256353,12.0,1676.0,124990
255,L1_S24_D995,969.33116444144,204.3342288256353,12.0,1676.0,124995
256,L1_S24_D999,969.9983163565956,203.98351969291062,12.0,1676.0,124999
257,L1_S24_D1001,969.9983163565956,203.98351969291062,12.0,1676.0,1241001
258,L1_S24_D1003,969.9983163565956,203.98351969291062,12.0,1676.0,1241003
259,L1_S24_D1005,969.9983163565956,203.98351969291062,12.0,1676.0,1241005
260,L1_S24_D1007,969.9983163565956,203.98351969291062,12.0,1676.0,1241007
261,L1_S24_D1009,969.9983163565956,203.98351969291062,12.0,1676.0,1241009
262,L1_S24_D1011,969.9983163565956,203.98351969291062,12.0,1676.0,1241011
263,L1_S24_D1013,969.9983163565956,203.98351969291062,12.0,1676.0,1241013
264,L1_S24_D1015,969.9983163565956,203.98351969291062,12.0,1676.0,1241015
265,L1_S24_D1018,970.0727972554597,201.92704898095744,12.0,1676.0,1241018
266,L1_S24_D1023,970.0727972554597,201.92704898095744,12.0,1676.0,1241023
267,L1_S24_D1028,970.0727972554597,201.92704898095744,12.0,1676.0,1241028
268,L1_S24_D1033,970.0727972554597,201.92704898095744,12.0,1676.0,1241033
269,L1_S24_D1038,970.0727972554597,201.92704898095744,12.0,1676.0,1241038
270,L1_S24_D1043,970.0727972554597,201.92704898095744,12.0,1676.0,1241043
271,L1_S24_D1048,970.0727972554597,201.92704898095744,12.0,1676.0,1241048
272,L1_S24_D1053,970.0727972554597,201.92704898095744,12.0,1676.0,1241053
273,L1_S24_D1058,970.0727972554597,201.92704898095744,12.0,1676.0,1241058
274,L1_S24_D1062,970.0666470810427,202.8206456714981,12.0,1676.0,1241062
275,L1_S24_D1066,970.0666470810427,202.8206456714981,12.0,1676.0,1241066
276,L1_S24_D1070,970.0666470810427,202.8206456714981,12.0,1676.0,1241070
277,L1_S24_D1074,970.0666470810427,202.8206456714981,12.0,1676.0,1241074
278,L1_S24_D1077,970.0666470810427,202.8206456714981,12.0,1676.0,1241077
279,L1_S24_D1081,970.0666470810427,202.8206456714981,12.0,1676.0,1241081
280,L1_S24_D1085,970.0666470810427,202.8206456714981,12.0,1676.0,1241085
281,L1_S24_D1089,970.0666470810427,202.8206456714981,12.0,1676.0,1241089
282,L1_S24_D1092,970.0666470810427,202.8206456714981,12.0,1676.0,1241092
283,L1_S24_D1096,970.0666470810427,202.8206456714981,12.0,1676.0,1241096
284,L1_S24_D1100,970.0666470810427,202.8206456714981,12.0,1676.0,1241100
285,L1_S24_D1104,970.0666470810427,202.8206456714981,12.0,1676.0,1241104
286,L1_S24_D1108,970.0666470810427,202.8206456714981,12.0,1676.0,1241108
287,L1_S24_D1112,970.0666470810427,202.8206456714981,12.0,1676.0,1241112
288,L1_S24_D1116,722.6800235276818,266.37951702616266,250.0,1490.0,1241116
289,L1_S24_D1120,722.6800235276818,266.37951702616266,250.0,1490.0,1241120
290,L1_S24_D1124,722.6800235276818,266.37951702616266,250.0,1490.0,1241124
291,L1_S24_D1128,722.6800235276818,266.37951702616266,250.0,1490.0,1241128
292,L1_S24_D1132,722.6800235276818,266.37951702616266,250.0,1490.0,1241132
293,L1_S24_D1135,722.7505611362549,266.41964619660456,250.0,1490.0,1241135
294,L1_S24_D1138,722.7505611362549,266.41964619660456,250.0,1490.0,1241138
295,L1_S24_D1141,722.7505611362549,266.41964619660456,250.0,1490.0,1241141
296,L1_S24_D1143,722.7505611362549,266.41964619660456,250.0,1490.0,1241143
297,L1_S24_D1146,722.7505611362549,266.41964619660456,250.0,1490.0,1241146
298,L1_S24_D1149,722.7505611362549,266.41964619660456,250.0,1490.0,1241149
299,L1_S24_D1151,722.7505611362549,266.41964619660456,250.0,1490.0,1241151
300,L1_S24_D1153,722.7505611362549,266.41964619660456,250.0,1490.0,1241153
301,L1_S24_D1155,722.5999552439206,266.45555025105585,250.0,1490.0,1241155
302,L1_S24_D1158,1006.0,0.0,1006.0,1006.0,1241158
303,L1_S24_D1163,722.6846807102679,266.3841647957206,250.0,1490.0,1241163
304,L1_S24_D1168,722.7360738316727,266.37349199665044,250.0,1490.0,1241168
305,L1_S24_D1171,722.738537338677,266.3728054002429,250.0,1490.0,1241171
306,L1_S24_D1173,722.738537338677,266.3728054002429,250.0,1490.0,1241173
307,L1_S24_D1175,722.738537338677,266.3728054002429,250.0,1490.0,1241175
308,L1_S24_D1178,722.741074383204,266.3730517261507,250.0,1491.0,1241178
309,L1_S24_D1182,722.741074383204,266.3730517261507,250.0,1491.0,1241182
310,L1_S24_D1186,721.011582728539,266.4038533173113,250.0,1490.0,1241186
311,L1_S24_D1190,721.011582728539,266.4038533173113,250.0,1490.0,1241190
312,L1_S24_D1194,721.011582728539,266.4038533173113,250.0,1490.0,1241194
313,L1_S24_D1199,721.011582728539,266.4038533173113,250.0,1490.0,1241199
314,L1_S24_D1204,721.011582728539,266.4038533173113,250.0,1490.0,1241204
315,L1_S24_D1209,721.011582728539,266.4038533173113,250.0,1490.0,1241209
316,L1_S24_D1214,721.011582728539,266.4038533173113,250.0,1490.0,1241214
317,L1_S24_D1218,721.011582728539,266.4038533173113,250.0,1490.0,1241218
318,L1_S24_D1222,721.011582728539,266.4038533173113,250.0,1490.0,1241222
319,L1_S24_D1227,721.011582728539,266.4038533173113,250.0,1490.0,1241227
320,L1_S24_D1232,721.011582728539,266.4038533173113,250.0,1490.0,1241232
321,L1_S24_D1237,721.011582728539,266.4038533173113,250.0,1490.0,1241237
322,L1_S24_D1242,721.011582728539,266.4038533173113,250.0,1490.0,1241242
323,L1_S24_D1247,721.011582728539,266.4038533173113,250.0,1490.0,1241247
324,L1_S24_D1252,721.011582728539,266.4038533173113,250.0,1490.0,1241252
325,L1_S24_D1257,721.011582728539,266.4038533173113,250.0,1490.0,1241257
326,L1_S24_D1262,721.011582728539,266.4038533173113,250.0,1490.0,1241262
327,L1_S24_D1267,721.011582728539,266.4038533173113,250.0,1490.0,1241267
328,L1_S24_D1272,721.011582728539,266.4038533173113,250.0,1490.0,1241272
329,L1_S24_D1277,724.5215660252156,266.31172606617116,251.0,1491.0,1241277
330,L1_S24_D1281,724.5215660252156,266.31172606617116,251.0,1491.0,1241281
331,L1_S24_D1285,724.5215660252156,266.31172606617116,251.0,1491.0,1241285
332,L1_S24_D1290,724.5215660252156,266.31172606617116,251.0,1491.0,1241290
333,L1_S24_D1295,724.5215660252156,266.31172606617116,251.0,1491.0,1241295
334,L1_S24_D1300,724.5215660252156,266.31172606617116,251.0,1491.0,1241300
335,L1_S24_D1305,724.5215660252156,266.31172606617116,251.0,1491.0,1241305
336,L1_S24_D1309,724.5215660252156,266.31172606617116,251.0,1491.0,1241309
337,L1_S24_D1313,724.5215660252156,266.31172606617116,251.0,1491.0,1241313
338,L1_S24_D1318,724.5215660252156,266.31172606617116,251.0,1491.0,1241318
339,L1_S24_D1323,724.5215660252156,266.31172606617116,251.0,1491.0,1241323
340,L1_S24_D1328,724.5215660252156,266.31172606617116,251.0,1491.0,1241328
341,L1_S24_D1333,724.5215660252156,266.31172606617116,251.0,1491.0,1241333
342,L1_S24_D1338,724.5215660252156,266.31172606617116,251.0,1491.0,1241338
343,L1_S24_D1343,724.5215660252156,266.31172606617116,251.0,1491.0,1241343
344,L1_S24_D1348,724.5215660252156,266.31172606617116,251.0,1491.0,1241348
345,L1_S24_D1353,724.5215660252156,266.31172606617116,251.0,1491.0,1241353
346,L1_S24_D1358,724.5215660252156,266.31172606617116,251.0,1491.0,1241358
347,L1_S24_D1363,724.5215660252156,266.31172606617116,251.0,1491.0,1241363
348,L1_S24_D1368,724.1092182890857,266.1849125029449,252.0,1491.0,1241368
349,L1_S24_D1373,724.1092182890857,266.1849125029449,252.0,1491.0,1241373
350,L1_S24_D1378,724.1092182890857,266.1849125029449,252.0,1491.0,1241378
351,L1_S24_D1383,724.1092182890857,266.1849125029449,252.0,1491.0,1241383
352,L1_S24_D1388,724.1092182890857,266.1849125029449,252.0,1491.0,1241388
353,L1_S24_D1393,724.1092182890857,266.1849125029449,252.0,1491.0,1241393
354,L1_S24_D1398,724.1092182890857,266.1849125029449,252.0,1491.0,1241398
355,L1_S24_D1403,724.1092182890857,266.1849125029449,252.0,1491.0,1241403
356,L1_S24_D1408,724.1092182890857,266.1849125029449,252.0,1491.0,1241408
357,L1_S24_D1413,720.8720211827008,266.66753744880083,250.0,1490.0,1241413
358,L1_S24_D1418,720.8720211827008,266.66753744880083,250.0,1490.0,1241418
359,L1_S24_D1423,720.8720211827008,266.66753744880083,250.0,1490.0,1241423
360,L1_S24_D1428,720.8720211827008,266.66753744880083,250.0,1490.0,1241428
361,L1_S24_D1433,720.8720211827008,266.66753744880083,250.0,1490.0,1241433
362,L1_S24_D1438,720.8720211827008,266.66753744880083,250.0,1490.0,1241438
363,L1_S24_D1443,720.8720211827008,266.66753744880083,250.0,1490.0,1241443
364,L1_S24_D1448,720.8720211827008,266.66753744880083,250.0,1490.0,1241448
365,L1_S24_D1453,720.8720211827008,266.66753744880083,250.0,1490.0,1241453
366,L1_S24_D1457,722.4738509133765,266.4141064790871,250.0,1491.0,1241457
367,L1_S24_D1461,722.4738509133765,266.4141064790871,250.0,1491.0,1241461
368,L1_S24_D1465,722.4738509133765,266.4141064790871,250.0,1491.0,1241465
369,L1_S24_D1469,722.4738509133765,266.4141064790871,250.0,1491.0,1241469
370,L1_S24_D1472,722.4738509133765,266.4141064790871,250.0,1491.0,1241472
371,L1_S24_D1476,722.4738509133765,266.4141064790871,250.0,1491.0,1241476
372,L1_S24_D1480,722.4738509133765,266.4141064790871,250.0,1491.0,1241480
373,L1_S24_D1484,722.4738509133765,266.4141064790871,250.0,1491.0,1241484
374,L1_S24_D1488,722.4738509133765,266.4141064790871,250.0,1491.0,1241488
375,L1_S24_D1492,722.4738509133765,266.4141064790871,250.0,1491.0,1241492
376,L1_S24_D1496,722.4738509133765,266.4141064790871,250.0,1491.0,1241496
377,L1_S24_D1500,722.4738509133765,266.4141064790871,250.0,1491.0,1241500
378,L1_S24_D1504,722.4738509133765,266.4141064790871,250.0,1491.0,1241504
379,L1_S24_D1508,722.4738509133765,266.4141064790871,250.0,1491.0,1241508
380,L1_S24_D1511,831.8814584634367,234.17614608096042,0.0,1665.0,1241511
381,L1_S24_D1513,831.8814584634367,234.17614608096042,0.0,1665.0,1241513
382,L1_S24_D1515,831.8814584634367,234.17614608096042,0.0,1665.0,1241515
383,L1_S24_D1517,831.8814584634367,234.17614608096042,0.0,1665.0,1241517
384,L1_S24_D1519,831.8814584634367,234.17614608096042,0.0,1665.0,1241519
385,L1_S24_D1522,831.9614096490964,234.1587756925526,0.0,1665.0,1241522
386,L1_S24_D1527,831.9614096490964,234.1587756925526,0.0,1665.0,1241527
387,L1_S24_D1532,831.9614096490964,234.1587756925526,0.0,1665.0,1241532
388,L1_S24_D1536,831.9629101606697,234.16020978009183,0.0,1665.0,1241536
389,L1_S24_D1541,831.9614096490964,234.1587756925526,0.0,1665.0,1241541
390,L1_S24_D1546,831.9614096490964,234.1587756925526,0.0,1665.0,1241546
391,L1_S24_D1550,831.9614096490964,234.1587756925526,0.0,1665.0,1241550
392,L1_S24_D1554,831.9614096490964,234.1587756925526,0.0,1665.0,1241554
393,L1_S24_D1558,831.992249610176,234.29196319832462,0.0,1665.0,1241558
394,L1_S24_D1562,813.0625,290.3811663558667,337.0,1053.0,1241562
395,L1_S24_D1566,831.8947392181058,234.18636158759156,0.0,1665.0,1241566
396,L1_S24_D1568,831.8979828303577,234.1857434565501,0.0,1665.0,1241568
397,L1_S24_D1570,831.9021112666095,234.1878893734566,0.0,1665.0,1241570
398,L1_S24_D1572,831.9021112666095,234.1878893734566,0.0,1665.0,1241572
399,L1_S24_D1574,831.9021112666095,234.1878893734566,0.0,1665.0,1241574
400,L1_S24_D1576,831.9044888868823,234.18786439516515,0.0,1665.0,1241576
401,L1_S24_D1579,831.9044888868823,234.18786439516515,0.0,1665.0,1241579
402,L1_S24_D1583,832.7706471621885,234.02952687426517,2.0,1665.0,1241583
403,L1_S24_D1587,832.7706471621885,234.02952687426517,2.0,1665.0,1241587
404,L1_S24_D1591,832.7706471621885,234.02952687426517,2.0,1665.0,1241591
405,L1_S24_D1596,832.7706471621885,234.02952687426517,2.0,1665.0,1241596
406,L1_S24_D1601,832.7706471621885,234.02952687426517,2.0,1665.0,1241601
407,L1_S24_D1606,832.7706471621885,234.02952687426517,2.0,1665.0,1241606
408,L1_S24_D1611,832.7706471621885,234.02952687426517,2.0,1665.0,1241611
409,L1_S24_D1615,832.7706471621885,234.02952687426517,2.0,1665.0,1241615
410,L1_S24_D1619,832.7706471621885,234.02952687426517,2.0,1665.0,1241619
411,L1_S24_D1624,832.7706471621885,234.02952687426517,2.0,1665.0,1241624
412,L1_S24_D1629,832.7706471621885,234.02952687426517,2.0,1665.0,1241629
413,L1_S24_D1634,832.7706471621885,234.02952687426517,2.0,1665.0,1241634
414,L1_S24_D1639,832.7706471621885,234.02952687426517,2.0,1665.0,1241639
415,L1_S24_D1644,832.7706471621885,234.02952687426517,2.0,1665.0,1241644
416,L1_S24_D1649,832.7706471621885,234.02952687426517,2.0,1665.0,1241649
417,L1_S24_D1654,832.7706471621885,234.02952687426517,2.0,1665.0,1241654
418,L1_S24_D1659,832.7706471621885,234.02952687426517,2.0,1665.0,1241659
419,L1_S24_D1664,832.7706471621885,234.02952687426517,2.0,1665.0,1241664
420,L1_S24_D1669,832.7706471621885,234.02952687426517,2.0,1665.0,1241669
421,L1_S24_D1674,830.8818646616542,234.21773553093576,0.0,1665.0,1241674
422,L1_S24_D1678,830.8818646616542,234.21773553093576,0.0,1665.0,1241678
423,L1_S24_D1682,830.8818646616542,234.21773553093576,0.0,1665.0,1241682
424,L1_S24_D1687,830.8818646616542,234.21773553093576,0.0,1665.0,1241687
425,L1_S24_D1692,830.8818646616542,234.21773553093576,0.0,1665.0,1241692
426,L1_S24_D1697,830.8818646616542,234.21773553093576,0.0,1665.0,1241697
427,L1_S24_D1702,830.8818646616542,234.21773553093576,0.0,1665.0,1241702
428,L1_S24_D1706,830.8818646616542,234.21773553093576,0.0,1665.0,1241706
429,L1_S24_D1710,830.8818646616542,234.21773553093576,0.0,1665.0,1241710
430,L1_S24_D1715,830.8818646616542,234.21773553093576,0.0,1665.0,1241715
431,L1_S24_D1720,830.8818646616542,234.21773553093576,0.0,1665.0,1241720
432,L1_S24_D1725,830.8818646616542,234.21773553093576,0.0,1665.0,1241725
433,L1_S24_D1730,830.8818646616542,234.21773553093576,0.0,1665.0,1241730
434,L1_S24_D1735,830.8818646616542,234.21773553093576,0.0,1665.0,1241735
435,L1_S24_D1740,830.8818646616542,234.21773553093576,0.0,1665.0,1241740
436,L1_S24_D1745,830.8818646616542,234.21773553093576,0.0,1665.0,1241745
437,L1_S24_D1750,830.8818646616542,234.21773553093576,0.0,1665.0,1241750
438,L1_S24_D1755,830.8818646616542,234.21773553093576,0.0,1665.0,1241755
439,L1_S24_D1760,830.8818646616542,234.21773553093576,0.0,1665.0,1241760
440,L1_S24_D1765,831.5603904698876,234.33519547532524,2.0,1665.0,1241765
441,L1_S24_D1770,831.5883467978517,234.34957779267623,2.0,1665.0,1241770
442,L1_S24_D1775,831.5603904698876,234.33519547532524,2.0,1665.0,1241775
443,L1_S24_D1780,831.5603904698876,234.33519547532524,2.0,1665.0,1241780
444,L1_S24_D1785,831.5603904698876,234.33519547532524,2.0,1665.0,1241785
445,L1_S24_D1790,831.5603904698876,234.33519547532524,2.0,1665.0,1241790
446,L1_S24_D1795,831.5603904698876,234.33519547532524,2.0,1665.0,1241795
447,L1_S24_D1800,831.5603904698876,234.33519547532524,2.0,1665.0,1241800
448,L1_S24_D1805,831.5603904698876,234.33519547532524,2.0,1665.0,1241805
449,L1_S24_D1809,832.3542262209248,234.16170904326682,0.0,1665.0,1241809
450,L1_S24_D1811,832.3542262209248,234.16170904326682,0.0,1665.0,1241811
451,L1_S24_D1813,832.3542262209248,234.16170904326682,0.0,1665.0,1241813
452,L1_S24_D1815,832.3542262209248,234.16170904326682,0.0,1665.0,1241815
453,L1_S24_D1817,832.3542262209248,234.16170904326682,0.0,1665.0,1241817
454,L1_S24_D1819,832.3542262209248,234.16170904326682,0.0,1665.0,1241819
455,L1_S24_D1821,832.3542262209248,234.16170904326682,0.0,1665.0,1241821
456,L1_S24_D1823,832.3542262209248,234.16170904326682,0.0,1665.0,1241823
457,L1_S24_D1825,832.3542262209248,234.16170904326682,0.0,1665.0,1241825
458,L1_S24_D1826,832.0222762221454,234.3394219632977,0.0,1665.0,1241826
459,L1_S24_D1828,832.0222762221454,234.3394219632977,0.0,1665.0,1241828
460,L1_S24_D1830,832.0222762221454,234.3394219632977,0.0,1665.0,1241830
461,L1_S24_D1832,832.0222762221454,234.3394219632977,0.0,1665.0,1241832
462,L1_S24_D1833,832.0222762221454,234.3394219632977,0.0,1665.0,1241833
463,L1_S24_D1835,832.0222762221454,234.3394219632977,0.0,1665.0,1241835
464,L1_S24_D1837,832.0222762221454,234.3394219632977,0.0,1665.0,1241837
465,L1_S24_D1839,832.0222762221454,234.3394219632977,0.0,1665.0,1241839
466,L1_S24_D1841,832.0222762221454,234.3394219632977,0.0,1665.0,1241841
467,L1_S24_D1843,832.0222762221454,234.3394219632977,0.0,1665.0,1241843
468,L1_S24_D1845,832.0222762221454,234.3394219632977,0.0,1665.0,1241845
469,L1_S24_D1847,832.0222762221454,234.3394219632977,0.0,1665.0,1241847
470,L1_S24_D1849,832.0222762221454,234.3394219632977,0.0,1665.0,1241849
471,L1_S24_D1851,832.0222762221454,234.3394219632977,0.0,1665.0,1241851
472,L1_S25_D1854,826.7805863051237,264.1130790408235,209.0,1444.0,1251854
473,L1_S25_D1857,826.7805863051237,264.1130790408235,209.0,1444.0,1251857
474,L1_S25_D1860,826.7805863051237,264.1130790408235,209.0,1444.0,1251860
475,L1_S25_D1862,826.7805863051237,264.1130790408235,209.0,1444.0,1251862
476,L1_S25_D1864,826.7805863051237,264.1130790408235,209.0,1444.0,1251864
477,L1_S25_D1867,826.8607498779143,264.19901316890224,209.0,1444.0,1251867
478,L1_S25_D1871,826.8607498779143,264.19901316890224,209.0,1444.0,1251871
479,L1_S25_D1875,826.8607498779143,264.19901316890224,209.0,1444.0,1251875
480,L1_S25_D1879,826.8607498779143,264.19901316890224,209.0,1444.0,1251879
481,L1_S25_D1883,826.3793290532598,264.2349968325059,209.0,1444.0,1251883
482,L1_S25_D1887,826.7907358619943,264.13937331385034,209.0,1444.0,1251887
483,L1_S25_D1891,826.775415546211,264.14601893610364,209.0,1444.0,1251891
484,L1_S25_D1893,826.775415546211,264.14601893610364,209.0,1444.0,1251893
485,L1_S25_D1895,826.775415546211,264.14601893610364,209.0,1444.0,1251895
486,L1_S25_D1898,826.755720311901,264.94002640365767,209.0,1444.0,1251898
487,L1_S25_D1902,825.4769291254155,265.1075424681036,336.0,1444.0,1251902
488,L1_S25_D1906,825.4769291254155,265.1075424681036,336.0,1444.0,1251906
489,L1_S25_D1911,825.4769291254155,265.1075424681036,336.0,1444.0,1251911
490,L1_S25_D1916,825.4769291254155,265.1075424681036,336.0,1444.0,1251916
491,L1_S25_D1921,825.4769291254155,265.1075424681036,336.0,1444.0,1251921
492,L1_S25_D1926,825.4769291254155,265.1075424681036,336.0,1444.0,1251926
493,L1_S25_D1931,825.4769291254155,265.1075424681036,336.0,1444.0,1251931
494,L1_S25_D1935,825.4769291254155,265.1075424681036,336.0,1444.0,1251935
495,L1_S25_D1940,825.4769291254155,265.1075424681036,336.0,1444.0,1251940
496,L1_S25_D1945,825.4769291254155,265.1075424681036,336.0,1444.0,1251945
497,L1_S25_D1950,825.4769291254155,265.1075424681036,336.0,1444.0,1251950
498,L1_S25_D1955,825.4769291254155,265.1075424681036,336.0,1444.0,1251955
499,L1_S25_D1960,825.4769291254155,265.1075424681036,336.0,1444.0,1251960
500,L1_S25_D1965,825.4769291254155,265.1075424681036,336.0,1444.0,1251965
501,L1_S25_D1970,825.4769291254155,265.1075424681036,336.0,1444.0,1251970
502,L1_S25_D1975,825.4769291254155,265.1075424681036,336.0,1444.0,1251975
503,L1_S25_D1980,828.2966070909621,263.1396006318349,209.0,1444.0,1251980
504,L1_S25_D1984,828.2966070909621,263.1396006318349,209.0,1444.0,1251984
505,L1_S25_D1989,828.2966070909621,263.1396006318349,209.0,1444.0,1251989
506,L1_S25_D1994,828.2966070909621,263.1396006318349,209.0,1444.0,1251994
507,L1_S25_D1999,828.2966070909621,263.1396006318349,209.0,1444.0,1251999
508,L1_S25_D2004,828.2966070909621,263.1396006318349,209.0,1444.0,1252004
509,L1_S25_D2009,828.2966070909621,263.1396006318349,209.0,1444.0,1252009
510,L1_S25_D2013,828.2966070909621,263.1396006318349,209.0,1444.0,1252013
511,L1_S25_D2018,828.2966070909621,263.1396006318349,209.0,1444.0,1252018
512,L1_S25_D2023,828.2966070909621,263.1396006318349,209.0,1444.0,1252023
513,L1_S25_D2028,828.2966070909621,263.1396006318349,209.0,1444.0,1252028
514,L1_S25_D2033,828.2966070909621,263.1396006318349,209.0,1444.0,1252033
515,L1_S25_D2038,828.2966070909621,263.1396006318349,209.0,1444.0,1252038
516,L1_S25_D2043,828.2966070909621,263.1396006318349,209.0,1444.0,1252043
517,L1_S25_D2048,828.2966070909621,263.1396006318349,209.0,1444.0,1252048
518,L1_S25_D2053,828.2966070909621,263.1396006318349,209.0,1444.0,1252053
519,L1_S25_D2058,829.0911780821917,262.03975042665627,209.0,1444.0,1252058
520,L1_S25_D2063,829.0911780821917,262.03975042665627,209.0,1444.0,1252063
521,L1_S25_D2068,829.0911780821917,262.03975042665627,209.0,1444.0,1252068
522,L1_S25_D2073,829.0911780821917,262.03975042665627,209.0,1444.0,1252073
523,L1_S25_D2078,829.0911780821917,262.03975042665627,209.0,1444.0,1252078
524,L1_S25_D2083,829.0911780821917,262.03975042665627,209.0,1444.0,1252083
525,L1_S25_D2088,829.0911780821917,262.03975042665627,209.0,1444.0,1252088
526,L1_S25_D2093,829.0911780821917,262.03975042665627,209.0,1444.0,1252093
527,L1_S25_D2098,823.8565306636897,265.98596933613806,336.0,1444.0,1252098
528,L1_S25_D2103,823.8565306636897,265.98596933613806,336.0,1444.0,1252103
529,L1_S25_D2108,823.8565306636897,265.98596933613806,336.0,1444.0,1252108
530,L1_S25_D2113,823.8565306636897,265.98596933613806,336.0,1444.0,1252113
531,L1_S25_D2118,823.8565306636897,265.98596933613806,336.0,1444.0,1252118
532,L1_S25_D2123,823.8565306636897,265.98596933613806,336.0,1444.0,1252123
533,L1_S25_D2128,823.8565306636897,265.98596933613806,336.0,1444.0,1252128
534,L1_S25_D2133,823.8565306636897,265.98596933613806,336.0,1444.0,1252133
535,L1_S25_D2138,826.1481306371837,264.0017807718895,209.0,1444.0,1252138
536,L1_S25_D2140,826.1481306371837,264.0017807718895,209.0,1444.0,1252140
537,L1_S25_D2143,826.1481306371837,264.0017807718895,209.0,1444.0,1252143
538,L1_S25_D2146,826.1481306371837,264.0017807718895,209.0,1444.0,1252146
539,L1_S25_D2149,826.1481306371837,264.0017807718895,209.0,1444.0,1252149
540,L1_S25_D2151,826.1481306371837,264.0017807718895,209.0,1444.0,1252151
541,L1_S25_D2154,826.1481306371837,264.0017807718895,209.0,1444.0,1252154
542,L1_S25_D2157,826.1481306371837,264.0017807718895,209.0,1444.0,1252157
543,L1_S25_D2160,826.1481306371837,264.0017807718895,209.0,1444.0,1252160
544,L1_S25_D2163,826.1481306371837,264.0017807718895,209.0,1444.0,1252163
545,L1_S25_D2166,826.1481306371837,264.0017807718895,209.0,1444.0,1252166
546,L1_S25_D2169,826.1481306371837,264.0017807718895,209.0,1444.0,1252169
547,L1_S25_D2172,826.1481306371837,264.0017807718895,209.0,1444.0,1252172
548,L1_S25_D2175,826.1481306371837,264.0017807718895,209.0,1444.0,1252175
549,L1_S25_D2178,826.1481306371837,264.0017807718895,209.0,1444.0,1252178
550,L1_S25_D2180,1058.5736122284795,70.42541545560297,989.0,1183.0,1252180
551,L1_S25_D2183,1058.5736122284795,70.42541545560297,989.0,1183.0,1252183
552,L1_S25_D2186,1058.5736122284795,70.42541545560297,989.0,1183.0,1252186
553,L1_S25_D2189,1058.5736122284795,70.42541545560297,989.0,1183.0,1252189
554,L1_S25_D2192,1058.5736122284795,70.42541545560297,989.0,1183.0,1252192
555,L1_S25_D2195,1058.5736122284795,70.42541545560297,989.0,1183.0,1252195
556,L1_S25_D2198,1058.5736122284795,70.42541545560297,989.0,1183.0,1252198
557,L1_S25_D2201,1058.5736122284795,70.42541545560297,989.0,1183.0,1252201
558,L1_S25_D2204,1058.5736122284795,70.42541545560297,989.0,1183.0,1252204
559,L1_S25_D2206,1050.870575221239,90.85887317806498,674.0,1426.0,1252206
560,L1_S25_D2209,1050.870575221239,90.85887317806498,674.0,1426.0,1252209
561,L1_S25_D2212,1050.870575221239,90.85887317806498,674.0,1426.0,1252212
562,L1_S25_D2214,1050.870575221239,90.85887317806498,674.0,1426.0,1252214
563,L1_S25_D2216,1050.870575221239,90.85887317806498,674.0,1426.0,1252216
564,L1_S25_D2219,1050.870575221239,90.85887317806498,674.0,1426.0,1252219
565,L1_S25_D2222,1050.870575221239,90.85887317806498,674.0,1426.0,1252222
566,L1_S25_D2225,1050.870575221239,90.85887317806498,674.0,1426.0,1252225
567,L1_S25_D2228,1050.870575221239,90.85887317806498,674.0,1426.0,1252228
568,L1_S25_D2230,866.2298127968705,319.37618761996015,152.0,1440.0,1252230
569,L1_S25_D2232,866.2298127968705,319.37618761996015,152.0,1440.0,1252232
570,L1_S25_D2234,866.2298127968705,319.37618761996015,152.0,1440.0,1252234
571,L1_S25_D2235,866.2298127968705,319.37618761996015,152.0,1440.0,1252235
572,L1_S25_D2236,866.2298127968705,319.37618761996015,152.0,1440.0,1252236
573,L1_S25_D2238,866.7451391803048,319.15494963285784,152.0,1440.0,1252238
574,L1_S25_D2240,866.8578225580743,319.1266904903219,152.0,1440.0,1252240
575,L1_S25_D2242,1091.2265659706798,108.30860450982857,900.0,1440.0,1252242
576,L1_S25_D2244,1091.2265659706798,108.30860450982857,900.0,1440.0,1252244
577,L1_S25_D2246,1091.2265659706798,108.30860450982857,900.0,1440.0,1252246
578,L1_S25_D2248,866.8751923884148,319.1076411368229,152.0,1440.0,1252248
579,L1_S25_D2251,866.9340597932384,318.93710093662673,152.0,1440.0,1252251
580,L1_S25_D2255,866.9340597932384,318.93710093662673,152.0,1440.0,1252255
581,L1_S25_D2260,866.9340597932384,318.93710093662673,152.0,1440.0,1252260
582,L1_S25_D2265,866.9340597932384,318.93710093662673,152.0,1440.0,1252265
583,L1_S25_D2270,866.9340597932384,318.93710093662673,152.0,1440.0,1252270
584,L1_S25_D2275,866.9340597932384,318.93710093662673,152.0,1440.0,1252275
585,L1_S25_D2280,866.9340597932384,318.93710093662673,152.0,1440.0,1252280
586,L1_S25_D2284,866.9340597932384,318.93710093662673,152.0,1440.0,1252284
587,L1_S25_D2289,866.9340597932384,318.93710093662673,152.0,1440.0,1252289
588,L1_S25_D2294,866.9340597932384,318.93710093662673,152.0,1440.0,1252294
589,L1_S25_D2299,866.9340597932384,318.93710093662673,152.0,1440.0,1252299
590,L1_S25_D2304,866.9340597932384,318.93710093662673,152.0,1440.0,1252304
591,L1_S25_D2309,866.9340597932384,318.93710093662673,152.0,1440.0,1252309
592,L1_S25_D2314,866.9340597932384,318.93710093662673,152.0,1440.0,1252314
593,L1_S25_D2319,866.9340597932384,318.93710093662673,152.0,1440.0,1252319
594,L1_S25_D2324,866.9340597932384,318.93710093662673,152.0,1440.0,1252324
595,L1_S25_D2329,869.8076709282934,318.89727679393786,164.0,1440.0,1252329
596,L1_S25_D2333,869.8076709282934,318.89727679393786,164.0,1440.0,1252333
597,L1_S25_D2338,869.8076709282934,318.89727679393786,164.0,1440.0,1252338
598,L1_S25_D2343,869.8076709282934,318.89727679393786,164.0,1440.0,1252343
599,L1_S25_D2348,869.8076709282934,318.89727679393786,164.0,1440.0,1252348
600,L1_S25_D2353,869.8076709282934,318.89727679393786,164.0,1440.0,1252353
601,L1_S25_D2358,869.8076709282934,318.89727679393786,164.0,1440.0,1252358
602,L1_S25_D2362,869.8076709282934,318.89727679393786,164.0,1440.0,1252362
603,L1_S25_D2367,869.8076709282934,318.89727679393786,164.0,1440.0,1252367
604,L1_S25_D2372,869.8076709282934,318.89727679393786,164.0,1440.0,1252372
605,L1_S25_D2377,869.8076709282934,318.89727679393786,164.0,1440.0,1252377
606,L1_S25_D2382,869.8076709282934,318.89727679393786,164.0,1440.0,1252382
607,L1_S25_D2387,869.8076709282934,318.89727679393786,164.0,1440.0,1252387
608,L1_S25_D2392,869.8076709282934,318.89727679393786,164.0,1440.0,1252392
609,L1_S25_D2397,869.8076709282934,318.89727679393786,164.0,1440.0,1252397
610,L1_S25_D2402,869.8076709282934,318.89727679393786,164.0,1440.0,1252402
611,L1_S25_D2406,871.4422632794458,318.1994284245087,152.0,1440.0,1252406
612,L1_S25_D2409,871.4422632794458,318.1994284245087,152.0,1440.0,1252409
613,L1_S25_D2412,871.4422632794458,318.1994284245087,152.0,1440.0,1252412
614,L1_S25_D2415,871.4422632794458,318.1994284245087,152.0,1440.0,1252415
615,L1_S25_D2418,871.4422632794458,318.1994284245087,152.0,1440.0,1252418
616,L1_S25_D2421,871.4422632794458,318.1994284245087,152.0,1440.0,1252421
617,L1_S25_D2424,871.4422632794458,318.1994284245087,152.0,1440.0,1252424
618,L1_S25_D2427,871.4422632794458,318.1994284245087,152.0,1440.0,1252427
619,L1_S25_D2430,863.9333333333333,319.1023904967404,169.0,1440.0,1252430
620,L1_S25_D2432,863.9333333333333,319.1023904967404,169.0,1440.0,1252432
621,L1_S25_D2434,863.9333333333333,319.1023904967404,169.0,1440.0,1252434
622,L1_S25_D2436,863.9333333333333,319.1023904967404,169.0,1440.0,1252436
623,L1_S25_D2438,863.9333333333333,319.1023904967404,169.0,1440.0,1252438
624,L1_S25_D2440,863.9333333333333,319.1023904967404,169.0,1440.0,1252440
625,L1_S25_D2442,863.9333333333333,319.1023904967404,169.0,1440.0,1252442
626,L1_S25_D2444,863.9333333333333,319.1023904967404,169.0,1440.0,1252444
627,L1_S25_D2445,867.4842820730672,318.7451261194638,152.0,1440.0,1252445
628,L1_S25_D2446,867.4842820730672,318.7451261194638,152.0,1440.0,1252446
629,L1_S25_D2448,867.4842820730672,318.7451261194638,152.0,1440.0,1252448
630,L1_S25_D2450,867.4842820730672,318.7451261194638,152.0,1440.0,1252450
631,L1_S25_D2452,867.4842820730672,318.7451261194638,152.0,1440.0,1252452
632,L1_S25_D2453,867.4842820730672,318.7451261194638,152.0,1440.0,1252453
633,L1_S25_D2455,867.4842820730672,318.7451261194638,152.0,1440.0,1252455
634,L1_S25_D2457,867.4842820730672,318.7451261194638,152.0,1440.0,1252457
635,L1_S25_D2459,867.4842820730672,318.7451261194638,152.0,1440.0,1252459
636,L1_S25_D2461,867.4842820730672,318.7451261194638,152.0,1440.0,1252461
637,L1_S25_D2463,867.4842820730672,318.7451261194638,152.0,1440.0,1252463
638,L1_S25_D2465,867.4842820730672,318.7451261194638,152.0,1440.0,1252465
639,L1_S25_D2467,867.4842820730672,318.7451261194638,152.0,1440.0,1252467
640,L1_S25_D2469,867.4842820730672,318.7451261194638,152.0,1440.0,1252469
641,L1_S25_D2471,982.3440794809406,54.19568319411971,619.0,1250.0,1252471
642,L1_S25_D2474,982.3440794809406,54.19568319411971,619.0,1250.0,1252474
643,L1_S25_D2477,982.3440794809406,54.19568319411971,619.0,1250.0,1252477
644,L1_S25_D2480,982.3440794809406,54.19568319411971,619.0,1250.0,1252480
645,L1_S25_D2483,982.3440794809406,54.19568319411971,619.0,1250.0,1252483
646,L1_S25_D2486,982.3440794809406,54.19568319411971,619.0,1250.0,1252486
647,L1_S25_D2489,982.3440794809406,54.19568319411971,619.0,1250.0,1252489
648,L1_S25_D2492,982.3440794809406,54.19568319411971,619.0,1250.0,1252492
649,L1_S25_D2495,982.3440794809406,54.19568319411971,619.0,1250.0,1252495
650,L1_S25_D2497,954.96695368862,255.3652235875692,334.0,1436.0,1252497
651,L1_S25_D2499,954.96695368862,255.3652235875692,334.0,1436.0,1252499
652,L1_S25_D2501,954.96695368862,255.3652235875692,334.0,1436.0,1252501
653,L1_S25_D2502,954.96695368862,255.3652235875692,334.0,1436.0,1252502
654,L1_S25_D2503,954.96695368862,255.3652235875692,334.0,1436.0,1252503
655,L1_S25_D2505,954.9695136141494,255.3657731061239,334.0,1436.0,1252505
656,L1_S25_D2507,954.9599627560523,255.394769462082,334.0,1436.0,1252507
657,L1_S25_D2509,1063.6368214885285,75.12897501451506,990.0,1436.0,1252509
658,L1_S25_D2511,1063.6368214885285,75.12897501451506,990.0,1436.0,1252511
659,L1_S25_D2513,1063.6368214885285,75.12897501451506,990.0,1436.0,1252513
660,L1_S25_D2515,955.2330616996508,255.13963212898807,334.0,1436.0,1252515
661,L1_S25_D2518,956.4378202142523,255.29873447640838,334.0,1256.0,1252518
662,L1_S25_D2522,956.4378202142523,255.29873447640838,334.0,1256.0,1252522
663,L1_S25_D2527,956.4378202142523,255.29873447640838,334.0,1256.0,1252527
664,L1_S25_D2532,956.4378202142523,255.29873447640838,334.0,1256.0,1252532
665,L1_S25_D2537,956.4378202142523,255.29873447640838,334.0,1256.0,1252537
666,L1_S25_D2542,956.4378202142523,255.29873447640838,334.0,1256.0,1252542
667,L1_S25_D2547,956.4378202142523,255.29873447640838,334.0,1256.0,1252547
668,L1_S25_D2551,956.4378202142523,255.29873447640838,334.0,1256.0,1252551
669,L1_S25_D2556,956.4378202142523,255.29873447640838,334.0,1256.0,1252556
670,L1_S25_D2561,956.4378202142523,255.29873447640838,334.0,1256.0,1252561
671,L1_S25_D2566,956.4378202142523,255.29873447640838,334.0,1256.0,1252566
672,L1_S25_D2571,956.4378202142523,255.29873447640838,334.0,1256.0,1252571
673,L1_S25_D2576,956.4378202142523,255.29873447640838,334.0,1256.0,1252576
674,L1_S25_D2581,956.4378202142523,255.29873447640838,334.0,1256.0,1252581
675,L1_S25_D2586,956.4378202142523,255.29873447640838,334.0,1256.0,1252586
676,L1_S25_D2591,956.4378202142523,255.29873447640838,334.0,1256.0,1252591
677,L1_S25_D2596,953.5747446610956,255.25167353898786,334.0,1436.0,1252596
678,L1_S25_D2600,953.5747446610956,255.25167353898786,334.0,1436.0,1252600
679,L1_S25_D2605,953.5747446610956,255.25167353898786,334.0,1436.0,1252605
680,L1_S25_D2610,953.5747446610956,255.25167353898786,334.0,1436.0,1252610
681,L1_S25_D2615,953.5747446610956,255.25167353898786,334.0,1436.0,1252615
682,L1_S25_D2620,953.5747446610956,255.25167353898786,334.0,1436.0,1252620
683,L1_S25_D2625,953.5747446610956,255.25167353898786,334.0,1436.0,1252625
684,L1_S25_D2629,953.5747446610956,255.25167353898786,334.0,1436.0,1252629
685,L1_S25_D2634,953.5747446610956,255.25167353898786,334.0,1436.0,1252634
686,L1_S25_D2639,953.5747446610956,255.25167353898786,334.0,1436.0,1252639
687,L1_S25_D2644,953.5747446610956,255.25167353898786,334.0,1436.0,1252644
688,L1_S25_D2649,953.5747446610956,255.25167353898786,334.0,1436.0,1252649
689,L1_S25_D2654,953.5747446610956,255.25167353898786,334.0,1436.0,1252654
690,L1_S25_D2659,953.5747446610956,255.25167353898786,334.0,1436.0,1252659
691,L1_S25_D2664,953.5747446610956,255.25167353898786,334.0,1436.0,1252664
692,L1_S25_D2669,953.5747446610956,255.25167353898786,334.0,1436.0,1252669
693,L1_S25_D2674,952.6872693726938,257.4795639926609,334.0,1256.0,1252674
694,L1_S25_D2679,952.6872693726938,257.4795639926609,334.0,1256.0,1252679
695,L1_S25_D2684,952.6872693726938,257.4795639926609,334.0,1256.0,1252684
696,L1_S25_D2689,952.6872693726938,257.4795639926609,334.0,1256.0,1252689
697,L1_S25_D2694,952.6872693726938,257.4795639926609,334.0,1256.0,1252694
698,L1_S25_D2699,952.6872693726938,257.4795639926609,334.0,1256.0,1252699
699,L1_S25_D2704,952.6872693726938,257.4795639926609,334.0,1256.0,1252704
700,L1_S25_D2709,952.6872693726938,257.4795639926609,334.0,1256.0,1252709
701,L1_S25_D2713,956.8205007085498,254.09360557160184,334.0,1436.0,1252713
702,L1_S25_D2715,956.8205007085498,254.09360557160184,334.0,1436.0,1252715
703,L1_S25_D2717,956.8205007085498,254.09360557160184,334.0,1436.0,1252717
704,L1_S25_D2719,956.8205007085498,254.09360557160184,334.0,1436.0,1252719
705,L1_S25_D2721,956.8205007085498,254.09360557160184,334.0,1436.0,1252721
706,L1_S25_D2723,956.8205007085498,254.09360557160184,334.0,1436.0,1252723
707,L1_S25_D2725,956.8205007085498,254.09360557160184,334.0,1436.0,1252725
708,L1_S25_D2727,956.8205007085498,254.09360557160184,334.0,1436.0,1252727
709,L1_S25_D2728,954.9939081537019,255.86009286352973,334.0,1436.0,1252728
710,L1_S25_D2729,954.9939081537019,255.86009286352973,334.0,1436.0,1252729
711,L1_S25_D2731,954.9939081537019,255.86009286352973,334.0,1436.0,1252731
712,L1_S25_D2733,954.9939081537019,255.86009286352973,334.0,1436.0,1252733
713,L1_S25_D2735,954.9939081537019,255.86009286352973,334.0,1436.0,1252735
714,L1_S25_D2736,954.9939081537019,255.86009286352973,334.0,1436.0,1252736
715,L1_S25_D2738,954.9939081537019,255.86009286352973,334.0,1436.0,1252738
716,L1_S25_D2740,954.9939081537019,255.86009286352973,334.0,1436.0,1252740
717,L1_S25_D2742,954.9939081537019,255.86009286352973,334.0,1436.0,1252742
718,L1_S25_D2744,954.9939081537019,255.86009286352973,334.0,1436.0,1252744
719,L1_S25_D2746,954.9939081537019,255.86009286352973,334.0,1436.0,1252746
720,L1_S25_D2748,954.9939081537019,255.86009286352973,334.0,1436.0,1252748
721,L1_S25_D2750,954.9939081537019,255.86009286352973,334.0,1436.0,1252750
722,L1_S25_D2752,954.9939081537019,255.86009286352973,334.0,1436.0,1252752
723,L1_S25_D2754,1025.3201453371014,118.02246631223021,610.0,1250.0,1252754
724,L1_S25_D2757,1025.3201453371014,118.02246631223021,610.0,1250.0,1252757
725,L1_S25_D2760,1025.3201453371014,118.02246631223021,610.0,1250.0,1252760
726,L1_S25_D2763,1025.3201453371014,118.02246631223021,610.0,1250.0,1252763
727,L1_S25_D2766,1025.3201453371014,118.02246631223021,610.0,1250.0,1252766
728,L1_S25_D2769,1025.3201453371014,118.02246631223021,610.0,1250.0,1252769
729,L1_S25_D2772,1025.3201453371014,118.02246631223021,610.0,1250.0,1252772
730,L1_S25_D2775,1025.3201453371014,118.02246631223021,610.0,1250.0,1252775
731,L1_S25_D2778,1025.3201453371014,118.02246631223021,610.0,1250.0,1252778
732,L1_S25_D2780,905.6303296208797,238.81215329009555,236.0,1298.0,1252780
733,L1_S25_D2782,905.6303296208797,238.81215329009555,236.0,1298.0,1252782
734,L1_S25_D2784,905.6303296208797,238.81215329009555,236.0,1298.0,1252784
735,L1_S25_D2785,905.6303296208797,238.81215329009555,236.0,1298.0,1252785
736,L1_S25_D2786,905.6303296208797,238.81215329009555,236.0,1298.0,1252786
737,L1_S25_D2788,905.615276449744,238.84075372786262,236.0,1298.0,1252788
738,L1_S25_D2790,905.6433955895591,238.81863658552825,236.0,1298.0,1252790
739,L1_S25_D2792,1021.5344985552188,52.86572532577483,941.0,1298.0,1252792
740,L1_S25_D2794,1021.5344985552188,52.86572532577483,941.0,1298.0,1252794
741,L1_S25_D2796,1021.5344985552188,52.86572532577483,941.0,1298.0,1252796
742,L1_S25_D2798,905.6071890645217,238.85267524693302,236.0,1298.0,1252798
743,L1_S25_D2801,903.3633904418394,240.87249778288398,236.0,1298.0,1252801
744,L1_S25_D2805,903.3633904418394,240.87249778288398,236.0,1298.0,1252805
745,L1_S25_D2810,903.3633904418394,240.87249778288398,236.0,1298.0,1252810
746,L1_S25_D2815,903.3633904418394,240.87249778288398,236.0,1298.0,1252815
747,L1_S25_D2820,903.3633904418394,240.87249778288398,236.0,1298.0,1252820
748,L1_S25_D2825,903.3633904418394,240.87249778288398,236.0,1298.0,1252825
749,L1_S25_D2830,903.3633904418394,240.87249778288398,236.0,1298.0,1252830
750,L1_S25_D2834,903.3633904418394,240.87249778288398,236.0,1298.0,1252834
751,L1_S25_D2839,903.3633904418394,240.87249778288398,236.0,1298.0,1252839
752,L1_S25_D2844,903.3633904418394,240.87249778288398,236.0,1298.0,1252844
753,L1_S25_D2849,903.3633904418394,240.87249778288398,236.0,1298.0,1252849
754,L1_S25_D2854,903.3633904418394,240.87249778288398,236.0,1298.0,1252854
755,L1_S25_D2859,903.3633904418394,240.87249778288398,236.0,1298.0,1252859
756,L1_S25_D2864,903.3633904418394,240.87249778288398,236.0,1298.0,1252864
757,L1_S25_D2869,903.3633904418394,240.87249778288398,236.0,1298.0,1252869
758,L1_S25_D2874,903.3633904418394,240.87249778288398,236.0,1298.0,1252874
759,L1_S25_D2879,907.9382273948075,236.9296902220829,238.0,1259.0,1252879
760,L1_S25_D2883,907.9382273948075,236.9296902220829,238.0,1259.0,1252883
761,L1_S25_D2888,907.9382273948075,236.9296902220829,238.0,1259.0,1252888
762,L1_S25_D2893,907.9382273948075,236.9296902220829,238.0,1259.0,1252893
763,L1_S25_D2898,907.9382273948075,236.9296902220829,238.0,1259.0,1252898
764,L1_S25_D2903,907.9382273948075,236.9296902220829,238.0,1259.0,1252903
765,L1_S25_D2908,907.9382273948075,236.9296902220829,238.0,1259.0,1252908
766,L1_S25_D2912,907.9382273948075,236.9296902220829,238.0,1259.0,1252912
767,L1_S25_D2917,907.9382273948075,236.9296902220829,238.0,1259.0,1252917
768,L1_S25_D2922,907.9382273948075,236.9296902220829,238.0,1259.0,1252922
769,L1_S25_D2927,907.9382273948075,236.9296902220829,238.0,1259.0,1252927
770,L1_S25_D2932,907.9382273948075,236.9296902220829,238.0,1259.0,1252932
771,L1_S25_D2937,907.9382273948075,236.9296902220829,238.0,1259.0,1252937
772,L1_S25_D2942,907.9382273948075,236.9296902220829,238.0,1259.0,1252942
773,L1_S25_D2947,907.9382273948075,236.9296902220829,238.0,1259.0,1252947
774,L1_S25_D2952,907.9382273948075,236.9296902220829,238.0,1259.0,1252952
775,L1_S25_D2957,905.9363636363637,238.99652947859158,236.0,1298.0,1252957
776,L1_S25_D2962,905.9363636363637,238.99652947859158,236.0,1298.0,1252962
777,L1_S25_D2967,905.9363636363637,238.99652947859158,236.0,1298.0,1252967
778,L1_S25_D2972,905.9363636363637,238.99652947859158,236.0,1298.0,1252972
779,L1_S25_D2977,905.9363636363637,238.99652947859158,236.0,1298.0,1252977
780,L1_S25_D2982,905.9363636363637,238.99652947859158,236.0,1298.0,1252982
781,L1_S25_D2987,905.9363636363637,238.99652947859158,236.0,1298.0,1252987
782,L1_S25_D2992,905.9363636363637,238.99652947859158,236.0,1298.0,1252992
783,L1_S25_D2996,905.5153237490248,238.54994241685017,238.0,1259.0,1252996
784,L1_S25_D2998,905.5153237490248,238.54994241685017,238.0,1259.0,1252998
785,L1_S25_D3000,905.5153237490248,238.54994241685017,238.0,1259.0,1253000
786,L1_S25_D3002,905.5153237490248,238.54994241685017,238.0,1259.0,1253002
787,L1_S25_D3004,905.5153237490248,238.54994241685017,238.0,1259.0,1253004
788,L1_S25_D3006,905.5153237490248,238.54994241685017,238.0,1259.0,1253006
789,L1_S25_D3008,905.5153237490248,238.54994241685017,238.0,1259.0,1253008
790,L1_S25_D3010,905.5153237490248,238.54994241685017,238.0,1259.0,1253010
791,L1_S25_D3011,905.8414359666893,238.68367013236164,236.0,1298.0,1253011
792,L1_S25_D3012,905.8414359666893,238.68367013236164,236.0,1298.0,1253012
793,L1_S25_D3014,905.8414359666893,238.68367013236164,236.0,1298.0,1253014
794,L1_S25_D3016,905.8414359666893,238.68367013236164,236.0,1298.0,1253016
795,L1_S25_D3018,905.8414359666893,238.68367013236164,236.0,1298.0,1253018
796,L1_S25_D3019,905.8414359666893,238.68367013236164,236.0,1298.0,1253019
797,L1_S25_D3021,905.8414359666893,238.68367013236164,236.0,1298.0,1253021
798,L1_S25_D3023,905.8414359666893,238.68367013236164,236.0,1298.0,1253023
799,L1_S25_D3025,905.8414359666893,238.68367013236164,236.0,1298.0,1253025
800,L1_S25_D3027,905.8414359666893,238.68367013236164,236.0,1298.0,1253027
801,L1_S25_D3029,905.8414359666893,238.68367013236164,236.0,1298.0,1253029
802,L1_S25_D3031,905.8414359666893,238.68367013236164,236.0,1298.0,1253031
803,L1_S25_D3033,905.8414359666893,238.68367013236164,236.0,1298.0,1253033
804,L1_S25_D3035,905.8414359666893,238.68367013236164,236.0,1298.0,1253035
805,L2_S26_D3037,877.5711353194339,267.8449769824567,2.0,1693.0,2263037
806,L2_S26_D3041,877.5711353194339,267.8449769824567,2.0,1693.0,2263041
807,L2_S26_D3044,877.5711353194339,267.8449769824567,2.0,1693.0,2263044
808,L2_S26_D3048,877.5711353194339,267.8449769824567,2.0,1693.0,2263048
809,L2_S26_D3052,877.5711353194339,267.8449769824567,2.0,1693.0,2263052
810,L2_S26_D3056,877.5711353194339,267.8449769824567,2.0,1693.0,2263056
811,L2_S26_D3059,877.5711353194339,267.8449769824567,2.0,1693.0,2263059
812,L2_S26_D3063,877.5711353194339,267.8449769824567,2.0,1693.0,2263063
813,L2_S26_D3066,877.5711353194339,267.8449769824567,2.0,1693.0,2263066
814,L2_S26_D3070,877.5711353194339,267.8449769824567,2.0,1693.0,2263070
815,L2_S26_D3074,877.5711353194339,267.8449769824567,2.0,1693.0,2263074
816,L2_S26_D3078,877.5711353194339,267.8449769824567,2.0,1693.0,2263078
817,L2_S26_D3081,877.570499096956,267.84539539041924,2.0,1693.0,2263081
818,L2_S26_D3084,877.570499096956,267.84539539041924,2.0,1693.0,2263084
819,L2_S26_D3087,877.570499096956,267.84539539041924,2.0,1693.0,2263087
820,L2_S26_D3090,877.570499096956,267.84539539041924,2.0,1693.0,2263090
821,L2_S26_D3093,877.570499096956,267.84539539041924,2.0,1693.0,2263093
822,L2_S26_D3096,877.570499096956,267.84539539041924,2.0,1693.0,2263096
823,L2_S26_D3100,877.5711353194339,267.8449769824567,2.0,1693.0,2263100
824,L2_S26_D3103,877.5711353194339,267.8449769824567,2.0,1693.0,2263103
825,L2_S26_D3107,877.5711353194339,267.8449769824567,2.0,1693.0,2263107
826,L2_S26_D3110,877.5711353194339,267.8449769824567,2.0,1693.0,2263110
827,L2_S26_D3114,877.5711353194339,267.8449769824567,2.0,1693.0,2263114
828,L2_S26_D3118,877.5711353194339,267.8449769824567,2.0,1693.0,2263118
829,L2_S26_D3122,877.5711353194339,267.8449769824567,2.0,1693.0,2263122
830,L2_S26_D3126,877.5711353194339,267.8449769824567,2.0,1693.0,2263126
831,L2_S27_D3130,913.3315524853184,248.0032620872292,0.0,1680.0,2273130
832,L2_S27_D3134,913.3315524853184,248.0032620872292,0.0,1680.0,2273134
833,L2_S27_D3137,913.3315524853184,248.0032620872292,0.0,1680.0,2273137
834,L2_S27_D3141,913.3315524853184,248.0032620872292,0.0,1680.0,2273141
835,L2_S27_D3145,913.3315524853184,248.0032620872292,0.0,1680.0,2273145
836,L2_S27_D3149,913.3315524853184,248.0032620872292,0.0,1680.0,2273149
837,L2_S27_D3152,913.3315524853184,248.0032620872292,0.0,1680.0,2273152
838,L2_S27_D3156,913.3315524853184,248.0032620872292,0.0,1680.0,2273156
839,L2_S27_D3159,913.3315524853184,248.0032620872292,0.0,1680.0,2273159
840,L2_S27_D3163,913.3315524853184,248.0032620872292,0.0,1680.0,2273163
841,L2_S27_D3167,913.3315524853184,248.0032620872292,0.0,1680.0,2273167
842,L2_S27_D3171,913.3315524853184,248.0032620872292,0.0,1680.0,2273171
843,L2_S27_D3174,913.3315524853184,248.0032620872292,0.0,1680.0,2273174
844,L2_S27_D3177,913.3315524853184,248.0032620872292,0.0,1680.0,2273177
845,L2_S27_D3180,913.3315524853184,248.0032620872292,0.0,1680.0,2273180
846,L2_S27_D3183,913.3315524853184,248.0032620872292,0.0,1680.0,2273183
847,L2_S27_D3186,913.3315524853184,248.0032620872292,0.0,1680.0,2273186
848,L2_S27_D3189,913.3315524853184,248.0032620872292,0.0,1680.0,2273189
849,L2_S27_D3193,913.3315524853184,248.0032620872292,0.0,1680.0,2273193
850,L2_S27_D3196,913.3315524853184,248.0032620872292,0.0,1680.0,2273196
851,L2_S27_D3200,913.3315524853184,248.0032620872292,0.0,1680.0,2273200
852,L2_S27_D3203,913.3315524853184,248.0032620872292,0.0,1680.0,2273203
853,L2_S27_D3207,913.3315524853184,248.0032620872292,0.0,1680.0,2273207
854,L2_S27_D3211,913.3315524853184,248.0032620872292,0.0,1680.0,2273211
855,L2_S27_D3215,913.3315524853184,248.0032620872292,0.0,1680.0,2273215
856,L2_S27_D3219,913.3315524853184,248.0032620872292,0.0,1680.0,2273219
857,L2_S28_D3223,845.1775018261503,322.43816651275483,16.0,1693.0,2283223
858,L2_S28_D3227,845.1775018261503,322.43816651275483,16.0,1693.0,2283227
859,L2_S28_D3230,845.1775018261503,322.43816651275483,16.0,1693.0,2283230
860,L2_S28_D3234,845.1775018261503,322.43816651275483,16.0,1693.0,2283234
861,L2_S28_D3238,845.1775018261503,322.43816651275483,16.0,1693.0,2283238
862,L2_S28_D3242,845.1775018261503,322.43816651275483,16.0,1693.0,2283242
863,L2_S28_D3245,845.1775018261503,322.43816651275483,16.0,1693.0,2283245
864,L2_S28_D3249,845.1775018261503,322.43816651275483,16.0,1693.0,2283249
865,L2_S28_D3252,845.1775018261503,322.43816651275483,16.0,1693.0,2283252
866,L2_S28_D3256,845.1775018261503,322.43816651275483,16.0,1693.0,2283256
867,L2_S28_D3260,845.1775018261503,322.43816651275483,16.0,1693.0,2283260
868,L2_S28_D3264,845.1775018261503,322.43816651275483,16.0,1693.0,2283264
869,L2_S28_D3267,845.1775018261503,322.43816651275483,16.0,1693.0,2283267
870,L2_S28_D3270,845.1775018261503,322.43816651275483,16.0,1693.0,2283270
871,L2_S28_D3273,845.1775018261503,322.43816651275483,16.0,1693.0,2283273
872,L2_S28_D3276,845.1775018261503,322.43816651275483,16.0,1693.0,2283276
873,L2_S28_D3279,845.1775018261503,322.43816651275483,16.0,1693.0,2283279
874,L2_S28_D3282,845.1775018261503,322.43816651275483,16.0,1693.0,2283282
875,L2_S28_D3286,845.1775018261503,322.43816651275483,16.0,1693.0,2283286
876,L2_S28_D3289,845.1775018261503,322.43816651275483,16.0,1693.0,2283289
877,L2_S28_D3293,845.1775018261503,322.43816651275483,16.0,1693.0,2283293
878,L2_S28_D3296,845.1775018261503,322.43816651275483,16.0,1693.0,2283296
879,L2_S28_D3300,845.1775018261503,322.43816651275483,16.0,1693.0,2283300
880,L2_S28_D3304,845.1775018261503,322.43816651275483,16.0,1693.0,2283304
881,L2_S28_D3308,845.1775018261503,322.43816651275483,16.0,1693.0,2283308
882,L2_S28_D3312,845.1775018261503,322.43816651275483,16.0,1693.0,2283312
883,L3_S29_D3316,849.4324879044756,468.4172200914297,0.0,1718.0,3293316
884,L3_S29_D3319,849.4324879044756,468.4172200914297,0.0,1718.0,3293319
885,L3_S29_D3322,849.4324879044756,468.4172200914297,0.0,1718.0,3293322
886,L3_S29_D3325,849.4324879044756,468.4172200914297,0.0,1718.0,3293325
887,L3_S29_D3328,849.4324879044756,468.4172200914297,0.0,1718.0,3293328
888,L3_S29_D3331,849.4324879044756,468.4172200914297,0.0,1718.0,3293331
889,L3_S29_D3334,849.4324879044756,468.4172200914297,0.0,1718.0,3293334
890,L3_S29_D3337,849.4324879044756,468.4172200914297,0.0,1718.0,3293337
891,L3_S29_D3340,849.4324879044756,468.4172200914297,0.0,1718.0,3293340
892,L3_S29_D3343,849.4324879044756,468.4172200914297,0.0,1718.0,3293343
893,L3_S29_D3346,849.4324879044756,468.4172200914297,0.0,1718.0,3293346
894,L3_S29_D3349,849.4324879044756,468.4172200914297,0.0,1718.0,3293349
895,L3_S29_D3352,849.4324879044756,468.4172200914297,0.0,1718.0,3293352
896,L3_S29_D3355,849.4324879044756,468.4172200914297,0.0,1718.0,3293355
897,L3_S29_D3358,849.4324879044756,468.4172200914297,0.0,1718.0,3293358
898,L3_S29_D3361,849.4324879044756,468.4172200914297,0.0,1718.0,3293361
899,L3_S29_D3363,849.4324879044756,468.4172200914297,0.0,1718.0,3293363
900,L3_S29_D3365,849.4324879044756,468.4172200914297,0.0,1718.0,3293365
901,L3_S29_D3368,849.4324879044756,468.4172200914297,0.0,1718.0,3293368
902,L3_S29_D3371,849.4324879044756,468.4172200914297,0.0,1718.0,3293371
903,L3_S29_D3374,849.4324879044756,468.4172200914297,0.0,1718.0,3293374
904,L3_S29_D3377,849.4324879044756,468.4172200914297,0.0,1718.0,3293377
905,L3_S29_D3380,849.4324879044756,468.4172200914297,0.0,1718.0,3293380
906,L3_S29_D3383,849.4324879044756,468.4172200914297,0.0,1718.0,3293383
907,L3_S29_D3386,849.4324879044756,468.4172200914297,0.0,1718.0,3293386
908,L3_S29_D3389,849.4324879044756,468.4172200914297,0.0,1718.0,3293389
909,L3_S29_D3391,849.4324879044756,468.4172200914297,0.0,1718.0,3293391
910,L3_S29_D3393,849.4324879044756,468.4172200914297,0.0,1718.0,3293393
911,L3_S29_D3396,849.4324879044756,468.4172200914297,0.0,1718.0,3293396
912,L3_S29_D3399,849.4324879044756,468.4172200914297,0.0,1718.0,3293399
913,L3_S29_D3402,849.4324879044756,468.4172200914297,0.0,1718.0,3293402
914,L3_S29_D3405,849.4324879044756,468.4172200914297,0.0,1718.0,3293405
915,L3_S29_D3408,849.4324879044756,468.4172200914297,0.0,1718.0,3293408
916,L3_S29_D3410,849.4324879044756,468.4172200914297,0.0,1718.0,3293410
917,L3_S29_D3413,849.4324879044756,468.4172200914297,0.0,1718.0,3293413
918,L3_S29_D3415,849.4324879044756,468.4172200914297,0.0,1718.0,3293415
919,L3_S29_D3417,849.4324879044756,468.4172200914297,0.0,1718.0,3293417
920,L3_S29_D3419,849.4324879044756,468.4172200914297,0.0,1718.0,3293419
921,L3_S29_D3422,849.4324879044756,468.4172200914297,0.0,1718.0,3293422
922,L3_S29_D3425,849.4324879044756,468.4172200914297,0.0,1718.0,3293425
923,L3_S29_D3428,849.4324879044756,468.4172200914297,0.0,1718.0,3293428
924,L3_S29_D3431,849.4324879044756,468.4172200914297,0.0,1718.0,3293431
925,L3_S29_D3434,849.4324879044756,468.4172200914297,0.0,1718.0,3293434
926,L3_S29_D3437,849.4324879044756,468.4172200914297,0.0,1718.0,3293437
927,L3_S29_D3440,849.4324879044756,468.4172200914297,0.0,1718.0,3293440
928,L3_S29_D3443,849.4324879044756,468.4172200914297,0.0,1718.0,3293443
929,L3_S29_D3445,849.4324879044756,468.4172200914297,0.0,1718.0,3293445
930,L3_S29_D3447,849.4324879044756,468.4172200914297,0.0,1718.0,3293447
931,L3_S29_D3450,849.4324879044756,468.4172200914297,0.0,1718.0,3293450
932,L3_S29_D3453,849.4324879044756,468.4172200914297,0.0,1718.0,3293453
933,L3_S29_D3456,849.4324879044756,468.4172200914297,0.0,1718.0,3293456
934,L3_S29_D3459,849.4324879044756,468.4172200914297,0.0,1718.0,3293459
935,L3_S29_D3462,849.4324879044756,468.4172200914297,0.0,1718.0,3293462
936,L3_S29_D3465,849.4324879044756,468.4172200914297,0.0,1718.0,3293465
937,L3_S29_D3468,849.4324879044756,468.4172200914297,0.0,1718.0,3293468
938,L3_S29_D3471,849.4324879044756,468.4172200914297,0.0,1718.0,3293471
939,L3_S29_D3474,879.4171972199257,453.27928809384605,0.0,1718.0,3293474
940,L3_S29_D3477,879.4171972199257,453.27928809384605,0.0,1718.0,3293477
941,L3_S29_D3480,879.4171972199257,453.27928809384605,0.0,1718.0,3293480
942,L3_S29_D3483,849.4324879044756,468.4172200914297,0.0,1718.0,3293483
943,L3_S29_D3486,849.4324879044756,468.4172200914297,0.0,1718.0,3293486
944,L3_S29_D3489,849.4324879044756,468.4172200914297,0.0,1718.0,3293489
945,L3_S29_D3492,849.4324879044756,468.4172200914297,0.0,1718.0,3293492
946,L3_S30_D3496,849.3637803010347,468.4017166970692,0.0,1718.0,3303496
947,L3_S30_D3501,849.3659914877809,468.40039597362534,0.0,1718.0,3303501
948,L3_S30_D3506,849.4909943022717,468.3360225399959,0.0,1718.0,3303506
949,L3_S30_D3511,849.4909943022717,468.3360225399959,0.0,1718.0,3303511
950,L3_S30_D3516,849.4909943022717,468.3360225399959,0.0,1718.0,3303516
951,L3_S30_D3521,849.4909943022717,468.3360225399959,0.0,1718.0,3303521
952,L3_S30_D3526,849.4909943022717,468.3360225399959,0.0,1718.0,3303526
953,L3_S30_D3531,849.4909943022717,468.3360225399959,0.0,1718.0,3303531
954,L3_S30_D3536,849.4909943022717,468.3360225399959,0.0,1718.0,3303536
955,L3_S30_D3541,849.4909943022717,468.3360225399959,0.0,1718.0,3303541
956,L3_S30_D3546,849.4909943022717,468.3360225399959,0.0,1718.0,3303546
957,L3_S30_D3551,849.4909943022717,468.3360225399959,0.0,1718.0,3303551
958,L3_S30_D3556,849.4909943022717,468.3360225399959,0.0,1718.0,3303556
959,L3_S30_D3561,849.4909943022717,468.3360225399959,0.0,1718.0,3303561
960,L3_S30_D3566,1076.7511070575226,329.2568133719009,521.0,1718.0,3303566
961,L3_S30_D3571,1076.7511070575226,329.2568133719009,521.0,1718.0,3303571
962,L3_S30_D3576,1076.7511070575226,329.2568133719009,521.0,1718.0,3303576
963,L3_S30_D3581,1076.7511070575226,329.2568133719009,521.0,1718.0,3303581
964,L3_S30_D3586,1076.7511070575226,329.2568133719009,521.0,1718.0,3303586
965,L3_S30_D3591,1076.7511070575226,329.2568133719009,521.0,1718.0,3303591
966,L3_S30_D3596,1076.7511070575226,329.2568133719009,521.0,1718.0,3303596
967,L3_S30_D3601,1076.7511070575226,329.2568133719009,521.0,1718.0,3303601
968,L3_S30_D3606,1076.7511070575226,329.2568133719009,521.0,1718.0,3303606
969,L3_S30_D3611,1076.7511070575226,329.2568133719009,521.0,1718.0,3303611
970,L3_S30_D3616,1076.7511070575226,329.2568133719009,521.0,1718.0,3303616
971,L3_S30_D3621,1076.7511070575226,329.2568133719009,521.0,1718.0,3303621
972,L3_S30_D3626,1076.7511070575226,329.2568133719009,521.0,1718.0,3303626
973,L3_S30_D3631,1076.7511070575226,329.2568133719009,521.0,1718.0,3303631
974,L3_S30_D3636,1076.7511070575226,329.2568133719009,521.0,1718.0,3303636
975,L3_S30_D3641,1076.7511070575226,329.2568133719009,521.0,1718.0,3303641
976,L3_S30_D3646,1076.7511070575226,329.2568133719009,521.0,1718.0,3303646
977,L3_S30_D3651,1076.7511070575226,329.2568133719009,521.0,1718.0,3303651
978,L3_S30_D3656,1076.7511070575226,329.2568133719009,521.0,1718.0,3303656
979,L3_S30_D3661,1076.7511070575226,329.2568133719009,521.0,1718.0,3303661
980,L3_S30_D3666,1076.7511070575226,329.2568133719009,521.0,1718.0,3303666
981,L3_S30_D3671,1076.7511070575226,329.2568133719009,521.0,1718.0,3303671
982,L3_S30_D3676,1076.7511070575226,329.2568133719009,521.0,1718.0,3303676
983,L3_S30_D3681,1076.7511070575226,329.2568133719009,521.0,1718.0,3303681
984,L3_S30_D3686,1076.7511070575226,329.2568133719009,521.0,1718.0,3303686
985,L3_S30_D3691,1076.7511070575226,329.2568133719009,521.0,1718.0,3303691
986,L3_S30_D3696,1076.7511070575226,329.2568133719009,521.0,1718.0,3303696
987,L3_S30_D3701,1076.7511070575226,329.2568133719009,521.0,1718.0,3303701
988,L3_S30_D3706,1076.7511070575226,329.2568133719009,521.0,1718.0,3303706
989,L3_S30_D3711,1076.7511070575226,329.2568133719009,521.0,1718.0,3303711
990,L3_S30_D3716,1076.7511070575226,329.2568133719009,521.0,1718.0,3303716
991,L3_S30_D3721,1076.7511070575226,329.2568133719009,521.0,1718.0,3303721
992,L3_S30_D3726,849.3641221599,468.4011024223597,0.0,1718.0,3303726
993,L3_S30_D3731,849.3641221599,468.4011024223597,0.0,1718.0,3303731
994,L3_S30_D3736,849.3641221599,468.4011024223597,0.0,1718.0,3303736
995,L3_S30_D3741,849.3641221599,468.4011024223597,0.0,1718.0,3303741
996,L3_S30_D3746,849.4909943022717,468.3360225399959,0.0,1718.0,3303746
997,L3_S30_D3751,849.4909943022717,468.3360225399959,0.0,1718.0,3303751
998,L3_S30_D3756,849.4909943022717,468.3360225399959,0.0,1718.0,3303756
999,L3_S30_D3761,849.4909943022717,468.3360225399959,0.0,1718.0,3303761
1000,L3_S30_D3766,849.3641221599,468.4011024223597,0.0,1718.0,3303766
1001,L3_S30_D3771,849.3641221599,468.4011024223597,0.0,1718.0,3303771
1002,L3_S30_D3776,849.3641221599,468.4011024223597,0.0,1718.0,3303776
1003,L3_S30_D3781,849.3641221599,468.4011024223597,0.0,1718.0,3303781
1004,L3_S30_D3786,849.3641221599,468.4011024223597,0.0,1718.0,3303786
1005,L3_S30_D3791,849.3641221599,468.4011024223597,0.0,1718.0,3303791
1006,L3_S30_D3796,849.3641221599,468.4011024223597,0.0,1718.0,3303796
1007,L3_S30_D3801,849.3641221599,468.4011024223597,0.0,1718.0,3303801
1008,L3_S30_D3806,849.3641221599,468.4011024223597,0.0,1718.0,3303806
1009,L3_S30_D3811,849.3641221599,468.4011024223597,0.0,1718.0,3303811
1010,L3_S30_D3816,849.3641221599,468.4011024223597,0.0,1718.0,3303816
1011,L3_S30_D3821,849.3641221599,468.4011024223597,0.0,1718.0,3303821
1012,L3_S30_D3826,849.3641221599,468.4011024223597,0.0,1718.0,3303826
1013,L3_S30_D3831,849.3641221599,468.4011024223597,0.0,1718.0,3303831
1014,L3_S31_D3836,113.58195523421276,31.265225112259913,24.0,179.0,3313836
1015,L3_S31_D3840,113.58195523421276,31.265225112259913,24.0,179.0,3313840
1016,L3_S31_D3844,113.58195523421276,31.265225112259913,24.0,179.0,3313844
1017,L3_S31_D3848,113.58195523421276,31.265225112259913,24.0,179.0,3313848
1018,L3_S32_D3852,862.5100435969522,492.4646908491216,0.0,1718.0,3323852
1019,L3_S33_D3856,849.6646140872615,468.2860799158369,0.0,1718.0,3333856
1020,L3_S33_D3858,849.6646140872615,468.2860799158369,0.0,1718.0,3333858
1021,L3_S33_D3860,849.6646140872615,468.2860799158369,0.0,1718.0,3333860
1022,L3_S33_D3862,849.6646140872615,468.2860799158369,0.0,1718.0,3333862
1023,L3_S33_D3864,849.6646140872615,468.2860799158369,0.0,1718.0,3333864
1024,L3_S33_D3866,849.6646140872615,468.2860799158369,0.0,1718.0,3333866
1025,L3_S33_D3868,849.6646140872615,468.2860799158369,0.0,1718.0,3333868
1026,L3_S33_D3870,849.6646140872615,468.2860799158369,0.0,1718.0,3333870
1027,L3_S33_D3872,849.6646140872615,468.2860799158369,0.0,1718.0,3333872
1028,L3_S33_D3874,849.6646140872615,468.2860799158369,0.0,1718.0,3333874
1029,L3_S34_D3875,849.5247283247154,468.28754694366205,0.0,1718.0,3343875
1030,L3_S34_D3877,849.5247283247154,468.28754694366205,0.0,1718.0,3343877
1031,L3_S34_D3879,849.5247283247154,468.28754694366205,0.0,1718.0,3343879
1032,L3_S34_D3881,849.5247283247154,468.28754694366205,0.0,1718.0,3343881
1033,L3_S34_D3883,849.5247283247154,468.28754694366205,0.0,1718.0,3343883
1034,L3_S35_D3886,848.0814517341507,467.64543140840436,0.0,1718.0,3353886
1035,L3_S35_D3891,848.0814517341507,467.64543140840436,0.0,1718.0,3353891
1036,L3_S35_D3895,848.0771908913553,467.64510605944395,0.0,1718.0,3353895
1037,L3_S35_D3897,848.0771908913553,467.64510605944395,0.0,1718.0,3353897
1038,L3_S35_D3900,848.0745560651178,467.6453865381719,0.0,1718.0,3353900
1039,L3_S35_D3905,848.0745560651178,467.6453865381719,0.0,1718.0,3353905
1040,L3_S35_D3910,848.0745560651178,467.6453865381719,0.0,1718.0,3353910
1041,L3_S35_D3915,848.0745560651178,467.6453865381719,0.0,1718.0,3353915
1042,L3_S36_D3919,850.7114761761661,469.06106183277365,0.0,1718.0,3363919
1043,L3_S36_D3921,850.7114761761661,469.06106183277365,0.0,1718.0,3363921
1044,L3_S36_D3923,850.7114761761661,469.06106183277365,0.0,1718.0,3363923
1045,L3_S36_D3925,850.7114761761661,469.06106183277365,0.0,1718.0,3363925
1046,L3_S36_D3928,850.7107385876366,469.06097966870516,0.0,1718.0,3363928
1047,L3_S36_D3932,850.7107385876366,469.06097966870516,0.0,1718.0,3363932
1048,L3_S36_D3936,850.7107385876366,469.06097966870516,0.0,1718.0,3363936
1049,L3_S36_D3940,850.7107385876366,469.06097966870516,0.0,1718.0,3363940
1050,L3_S37_D3942,849.5108667129599,468.363055546675,0.0,1718.0,3373942
1051,L3_S37_D3943,849.5108667129599,468.363055546675,0.0,1718.0,3373943
1052,L3_S37_D3945,849.5108667129599,468.363055546675,0.0,1718.0,3373945
1053,L3_S37_D3947,849.5108667129599,468.363055546675,0.0,1718.0,3373947
1054,L3_S37_D3949,849.5108667129599,468.363055546675,0.0,1718.0,3373949
1055,L3_S37_D3951,849.5108667129599,468.363055546675,0.0,1718.0,3373951
1056,L3_S38_D3953,848.0705917028959,485.955201645379,0.0,1718.0,3383953
1057,L3_S38_D3957,848.0705917028959,485.955201645379,0.0,1718.0,3383957
1058,L3_S38_D3961,848.0705917028959,485.955201645379,0.0,1718.0,3383961
1059,L3_S39_D3966,1021.2839687520864,434.6573698296601,0.0,1457.0,3393966
1060,L3_S39_D3970,1021.2839687520864,434.6573698296601,0.0,1457.0,3393970
1061,L3_S39_D3974,1021.2839687520864,434.6573698296601,0.0,1457.0,3393974
1062,L3_S39_D3978,1021.2839687520864,434.6573698296601,0.0,1457.0,3393978
1063,L3_S40_D3981,1021.2093128088687,434.6665978891941,0.0,1457.0,3403981
1064,L3_S40_D3983,1021.2093128088687,434.6665978891941,0.0,1457.0,3403983
1065,L3_S40_D3985,1021.2985779617453,434.65180859086746,0.0,1457.0,3403985
1066,L3_S40_D3987,1021.2985779617453,434.65180859086746,0.0,1457.0,3403987
1067,L3_S40_D3989,1021.2985779617453,434.65180859086746,0.0,1457.0,3403989
1068,L3_S40_D3991,1021.2985779617453,434.65180859086746,0.0,1457.0,3403991
1069,L3_S40_D3993,1021.2985779617453,434.65180859086746,0.0,1457.0,3403993
1070,L3_S40_D3995,1021.2985779617453,434.65180859086746,0.0,1457.0,3403995
1071,L3_S41_D3997,1021.4110293258557,434.5849306991482,0.0,1457.0,3413997
1072,L3_S41_D3999,1021.4110293258557,434.5849306991482,0.0,1457.0,3413999
1073,L3_S41_D4001,1021.4110293258557,434.5849306991482,0.0,1457.0,3414001
1074,L3_S41_D4003,1021.4110293258557,434.5849306991482,0.0,1457.0,3414003
1075,L3_S41_D4005,1021.4110293258557,434.5849306991482,0.0,1457.0,3414005
1076,L3_S41_D4007,1021.4110293258557,434.5849306991482,0.0,1457.0,3414007
1077,L3_S41_D4009,1021.4110293258557,434.5849306991482,0.0,1457.0,3414009
1078,L3_S41_D4010,1021.4110293258557,434.5849306991482,0.0,1457.0,3414010
1079,L3_S41_D4012,1021.4110293258557,434.5849306991482,0.0,1457.0,3414012
1080,L3_S41_D4013,1021.4110293258557,434.5849306991482,0.0,1457.0,3414013
1081,L3_S41_D4015,1021.4110293258557,434.5849306991482,0.0,1457.0,3414015
1082,L3_S41_D4017,1021.4110293258557,434.5849306991482,0.0,1457.0,3414017
1083,L3_S41_D4019,1021.4110293258557,434.5849306991482,0.0,1457.0,3414019
1084,L3_S41_D4021,1021.4110293258557,434.5849306991482,0.0,1457.0,3414021
1085,L3_S41_D4022,1021.4110293258557,434.5849306991482,0.0,1457.0,3414022
1086,L3_S41_D4024,1021.4110293258557,434.5849306991482,0.0,1457.0,3414024
1087,L3_S41_D4025,1021.4110293258557,434.5849306991482,0.0,1457.0,3414025
1088,L3_S41_D4027,1021.4110293258557,434.5849306991482,0.0,1457.0,3414027
1089,L3_S42_D4029,1019.0666666666667,535.3777660502465,0.0,1456.0,3424029
1090,L3_S42_D4033,1019.0666666666667,535.3777660502465,0.0,1456.0,3424033
1091,L3_S42_D4037,1019.0666666666667,535.3777660502465,0.0,1456.0,3424037
1092,L3_S42_D4041,1019.0666666666667,535.3777660502465,0.0,1456.0,3424041
1093,L3_S42_D4045,1060.875,476.25666474526713,187.0,1441.0,3424045
1094,L3_S42_D4049,1060.875,476.25666474526713,187.0,1441.0,3424049
1095,L3_S42_D4053,1060.875,476.25666474526713,187.0,1441.0,3424053
1096,L3_S42_D4057,1060.875,476.25666474526713,187.0,1441.0,3424057
1097,L3_S43_D4062,1020.502307616772,434.72222052807615,0.0,1457.0,3434062
1098,L3_S43_D4067,1020.502307616772,434.72222052807615,0.0,1457.0,3434067
1099,L3_S43_D4072,1020.502307616772,434.72222052807615,0.0,1457.0,3434072
1100,L3_S43_D4077,1020.502307616772,434.72222052807615,0.0,1457.0,3434077
1101,L3_S43_D4082,1020.5078736290718,434.73109159527564,0.0,1457.0,3434082
1102,L3_S43_D4087,1020.5078736290718,434.73109159527564,0.0,1457.0,3434087
1103,L3_S43_D4092,1020.5078736290718,434.73109159527564,0.0,1457.0,3434092
1104,L3_S43_D4097,1020.5078736290718,434.73109159527564,0.0,1457.0,3434097
1105,L3_S44_D4101,1021.0545228828344,434.866066664969,0.0,1457.0,3444101
1106,L3_S44_D4104,1021.0545228828344,434.866066664969,0.0,1457.0,3444104
1107,L3_S44_D4107,1021.0545228828344,434.866066664969,0.0,1457.0,3444107
1108,L3_S44_D4110,1021.0545228828344,434.866066664969,0.0,1457.0,3444110
1109,L3_S44_D4113,1021.0545228828344,434.866066664969,0.0,1457.0,3444113
1110,L3_S44_D4116,1021.0545228828344,434.866066664969,0.0,1457.0,3444116
1111,L3_S44_D4119,1021.0545228828344,434.866066664969,0.0,1457.0,3444119
1112,L3_S44_D4122,1021.0545228828344,434.866066664969,0.0,1457.0,3444122
1113,L3_S45_D4125,1021.1626009477408,434.69937741147766,0.0,1457.0,3454125
1114,L3_S45_D4127,1021.1626009477408,434.69937741147766,0.0,1457.0,3454127
1115,L3_S45_D4129,1021.1626009477408,434.69937741147766,0.0,1457.0,3454129
1116,L3_S45_D4131,1021.1626009477408,434.69937741147766,0.0,1457.0,3454131
1117,L3_S45_D4133,1021.1626009477408,434.69937741147766,0.0,1457.0,3454133
1118,L3_S46_D4135,570.0,0.0,570.0,570.0,3464135
1119,L3_S47_D4140,1021.2786923525978,434.6731545826505,0.0,1457.0,3474140
1120,L3_S47_D4145,1021.2786923525978,434.6731545826505,0.0,1457.0,3474145
1121,L3_S47_D4150,1021.2786923525978,434.6731545826505,0.0,1457.0,3474150
1122,L3_S47_D4155,1021.2786923525978,434.6731545826505,0.0,1457.0,3474155
1123,L3_S47_D4160,1021.2786923525978,434.6731545826505,0.0,1457.0,3474160
1124,L3_S47_D4165,1021.2786923525978,434.6731545826505,0.0,1457.0,3474165
1125,L3_S47_D4170,1021.2786923525978,434.6731545826505,0.0,1457.0,3474170
1126,L3_S47_D4175,1021.2786923525978,434.6731545826505,0.0,1457.0,3474175
1127,L3_S47_D4180,1021.2786923525978,434.6731545826505,0.0,1457.0,3474180
1128,L3_S47_D4185,1021.2786923525978,434.6731545826505,0.0,1457.0,3474185
1129,L3_S47_D4190,1021.2786923525978,434.6731545826505,0.0,1457.0,3474190
1130,L3_S48_D4194,1021.334562688784,434.67134547487376,0.0,1457.0,3484194
1131,L3_S48_D4195,1021.334562688784,434.67134547487376,0.0,1457.0,3484195
1132,L3_S48_D4197,1021.334562688784,434.67134547487376,0.0,1457.0,3484197
1133,L3_S48_D4199,1021.334562688784,434.67134547487376,0.0,1457.0,3484199
1134,L3_S48_D4201,1021.334562688784,434.67134547487376,0.0,1457.0,3484201
1135,L3_S48_D4203,1021.334562688784,434.67134547487376,0.0,1457.0,3484203
1136,L3_S48_D4205,1021.334562688784,434.67134547487376,0.0,1457.0,3484205
1137,L3_S49_D4208,1024.0772679769411,435.61749329191434,0.0,1457.0,3494208
1138,L3_S49_D4213,1024.0772679769411,435.61749329191434,0.0,1457.0,3494213
1139,L3_S49_D4218,1024.0851615947158,435.6159384298545,0.0,1457.0,3494218
1140,L3_S49_D4223,1024.0851615947158,435.6159384298545,0.0,1457.0,3494223
1141,L3_S49_D4228,1024.0851615947158,435.6159384298545,0.0,1457.0,3494228
1142,L3_S49_D4233,1024.0851615947158,435.6159384298545,0.0,1457.0,3494233
1143,L3_S49_D4238,1024.0851615947158,435.6159384298545,0.0,1457.0,3494238
1144,L3_S50_D4242,1018.2798511149907,433.7514116632557,0.0,1457.0,3504242
1145,L3_S50_D4244,1018.2798511149907,433.7514116632557,0.0,1457.0,3504244
1146,L3_S50_D4246,1018.2798511149907,433.7514116632557,0.0,1457.0,3504246
1147,L3_S50_D4248,1018.2798511149907,433.7514116632557,0.0,1457.0,3504248
1148,L3_S50_D4250,1018.2798511149907,433.7514116632557,0.0,1457.0,3504250
1149,L3_S50_D4252,1018.2798511149907,433.7514116632557,0.0,1457.0,3504252
1150,L3_S50_D4254,1018.2798511149907,433.7514116632557,0.0,1457.0,3504254
1151,L3_S51_D4255,1022.6031944931748,433.9225349700437,0.0,1457.0,3514255
1152,L3_S51_D4257,1022.6031944931748,433.9225349700437,0.0,1457.0,3514257
1153,L3_S51_D4259,1022.6031944931748,433.9225349700437,0.0,1457.0,3514259
1154,L3_S51_D4261,1022.6031944931748,433.9225349700437,0.0,1457.0,3514261
1155,L3_S51_D4263,1022.6031944931748,433.9225349700437,0.0,1457.0,3514263
